,rooms,renovation,materials,facilities,prices,home_area(acres²),city,district,street,negotiations,living_squares,floors,total_floors
0,5.0,Medium,Brick,1,210000.0,171.0,Tashkent city,Mirabad district,Street Kuddus,1,4.2,1,1
1,4.0,Euro renovation,Brick,1,125000.0,100.0,Tashkent region,New Tashkent district,"the JSON object must be str, bytes or bytearray, not NoneType",1,1.8,2,2
2,3.0,Euro renovation,Block,1,170000.0,105.0,Tashkent city,Mirzo-Ulugbek district,Childituron street,0,2.4,1,1
3,5.0,Medium,Brick,1,210000.0,500.0,Tashkent city,Mirzo-Ulugbek district,Buyuk Street Ipak Yuli,1,5.0,2,2
4,4.0,Medium,Brick,0,300000.0,300.0,Tashkent city,Mirabad district,Street Nukus,1,4.0,2,2
5,4.0,Euro renovation,Brick,0,495000.0,300.0,Tashkent city,Yashnobodsky district,Street Chulpan,1,25.0,2,2
6,5.0,Medium,Other,1,310000.0,200.0,Tashkent city,Sergeli district,Azima Umarov Street,1,10.0,1,1
7,4.0,Euro renovation,Brick,1,185000.0,225.0,Tashkent region,City village Kibriy,Kibriy Street,1,2.0,2,2
8,4.0,Author's design,Brick,1,300465.84,200.0,Tashkent city,Sergeli district,Massive Kuruvchi,1,5.0,2,2
9,5.0,Requires repairs,Brick,1,115000.0,200.0,Tashkent region,urban village of Salar,4-discharge Tagribacor,1,3.45,1,1
10,4.0,Euro renovation,Brick,0,750000.0,512.0,Tashkent city,Yakkasarai district,Urikzor Street,1,3.3,2,2
11,4.0,Euro renovation,Brick,0,285000.0,353.0,Tashkent city,Mirzo-Ulugbek district,Sultonia Street,1,4.6,1,1
12,6.0,Medium,Brick,0,250000.0,350.0,Tashkent city,Yashnobodsky district,Yangi Uzbekiston Street,1,10.0,3,3
13,6.0,Medium,Brick,0,200000.0,130.0,Tashkent region,New Tashkent district,Street Khojikent,1,14.0,1,1
14,3.0,Euro renovation,Block,1,170000.0,105.0,Tashkent city,Mirzo-Ulugbek district,Childituron street,0,2.4,1,1
15,4.0,Requires repairs,Brick,0,130000.0,36.0,Tashkent region,New Tashkent district,Sunny street,1,6.0,1,1
16,4.0,Euro renovation,Brick,0,88000.0,95.0,Tashkent city,Yashnobodsky district,Street Jarkurgan,1,1.0,2,2
17,4.0,Euro renovation,Brick,0,80000.0,90.0,Tashkent city,Bektemir district,Bektemir Yuli street,1,1.5,1,1
18,4.0,Author's design,Brick,1,185000.0,140.0,Tashkent city,Mirabad district,Sarykul street,1,3.2,1,1
19,4.0,Euro renovation,Brick,1,47000.0,80.0,Tashkent city,Sergeli district,Makhalinsky gathering of citizens Halkabad,1,1.0,1,1
20,3.0,Euro renovation,Block,1,170000.0,105.0,Tashkent city,Mirzo-Ulugbek district,Childituron street,0,2.4,1,1
21,4.0,Author's design,Brick,1,450000.0,400.0,Tashkent city,Shaikhantakhur district,Street H. Otazhonova,1,5.6,1,1
22,4.0,Medium,Brick,0,1100000.0,300.0,Tashkent city,Yashnobodsky district,Yangi Uzbekiston Street,1,16.0,2,2
23,3.0,Euro renovation,Other,0,80000.0,55.0,Tashkent city,Yashnobodsky district,Street Munavvar,1,180.0,1,1
24,6.0,Medium,Brick,0,250000.0,400.0,Tashkent city,Mirzo-Ulugbek district,The street is God,1,10.0,3,3
25,4.0,Euro renovation,Brick,0,85500.0,85.0,Tashkent city,Mirabad district,2nd passage of Fargon Yuli,1,1.1,2,2
26,4.0,Author's design,Brick,1,300465.84,200.0,Tashkent city,Sergeli district,Massive Kuruvchi,1,5.0,2,2
27,3.0,Euro renovation,Block,1,170000.0,105.0,Tashkent city,Mirzo-Ulugbek district,Childituron street,0,2.4,1,1
28,4.0,Euro renovation,Brick,0,105000.0,200.0,Tashkent city,Yashnobodsky district,Mukhtar Ashrafi Street,1,1.0,2,2
29,4.0,Euro renovation,Brick,0,105000.0,150.0,Tashkent city,Yashnobodsky district,Katt Olmos Street,1,1.5,2,2
30,4.0,Euro renovation,Brick,0,140000.0,150.0,Tashkent city,Mirabad district,Ferghana Yuli,1,1.6,1,1
31,4.0,Euro renovation,Brick,0,33500.0,36.0,Tashkent city,Mirabad district,Abdurafa Fitrate street,0,1.0,1,1
32,4.0,Euro renovation,Brick,0,23000.0,18.0,Tashkent city,Mirabad district,Abdurafa Fitrate street,0,1.0,1,1
33,4.0,Author's design,Brick,1,300465.84,200.0,Tashkent city,Sergeli district,Massive Kuruvchi,1,5.0,2,2
34,3.0,Medium,Brick,0,84900.0,1.0,Tashkent region,urban village of Salar,Raikhon Street,1,6.0,1,1
35,6.0,Medium,Brick,1,360000.0,400.0,Tashkent city,Orthodpinsky district,Tukimachi travel,1,6.0,1,1
36,3.0,Medium,Brick,0,70000.0,100.0,Tashkent region,New Tashkent district,The street chat,1,6.0,1,1
37,3.0,Requires repairs,Brick,1,98000.0,350.0,Tashkent city,Yashnobodsky district,Zakhidova Street,1,3.5,1,1
38,4.0,Euro renovation,Brick,0,350000.0,600.0,Tashkent city,Mirzo-Ulugbek district,The street is God,1,18.0,2,2
39,3.0,Euro renovation,Block,1,170000.0,105.0,Tashkent city,Mirzo-Ulugbek district,Childituron street,0,2.4,1,1
40,4.0,Author's design,Other,0,87000.0,180.0,Tashkent city,Bektemir district,Makhalinsky gathering of citizens of Sokhil,1,6.0,1,1
41,6.0,Rough finishing,Brick,0,450000.0,900.0,Tashkent region,New Tashkent district,Mirsalim Ota street,1,6.0,2,2
42,4.0,Author's design,Brick,1,198000.0,250.0,Tashkent city,Sergeli district,Makhalinsky gathering of citizens Uzgarish,1,2.5,2,2
43,4.0,Author's design,Brick,0,46583.85,200.0,Navoi region,Yangikhayat district,Malocabot Street,1,12000.0,2,2
44,4.0,Author's design,Brick,1,950000.0,250.0,Tashkent city,Orthodpinsky district,Raficatevvo passage,1,13.6,1,1
45,3.0,Euro renovation,Block,1,170000.0,105.0,Tashkent city,Mirzo-Ulugbek district,Childituron street,0,2.4,1,1
46,4.0,Euro renovation,Brick,0,350000.0,700.0,Tashkent region,Bektemir district,COK-Torak Bridge,1,12.0,2,2
47,6.0,Rough finishing,Brick,0,235000.0,600.0,Tashkent city,Yunusabad district,7th passage of Katta Hassanbo,1,4.8,2,2
48,5.0,Medium,Brick,0,390000.0,200.0,Tashkent city,Yakkasarai district,Massive Rakatka,1,3.2,1,1
49,6.0,Medium,Brick,0,590000.0,300.0,Tashkent city,Yakkasarai district,Massive Rakatka,1,6.0,1,1
50,5.0,Rough finishing,Other,1,160000.0,229.0,Tashkent city,Yashnobodsky district,Obay Kunanbaeva street,1,7.0,1,1
51,4.0,Author's design,Brick,1,300465.84,200.0,Tashkent city,Sergeli district,Massive Kuruvchi,1,5.0,2,2
52,3.0,Euro renovation,Block,1,170000.0,105.0,Tashkent city,Mirzo-Ulugbek district,Childituron street,0,2.4,1,1
53,4.0,Rough finishing,Brick,0,800000.0,200.0,Tashkent city,Mirzo-Ulugbek district,2nd passage of Buzbazar,1,18.3,2,2
54,6.0,Medium,Brick,0,160000.0,230.0,Tashkent city,Yashnobodsky district,Mukhtar Ashrafi Street,1,5.4,1,1
55,4.0,Euro renovation,Brick,0,125000.0,120.0,Tashkent city,Mirabad district,Abdurafa Fitrate street,0,1.0,2,2
56,3.0,Medium,Brick,0,84900.0,1.0,Tashkent city,Mirzo-Ulugbek district,Makhalinsky gathering of citizens Shakhriabad,1,6.0,1,1
57,4.0,Euro renovation,Brick,0,62000.0,90.0,Tashkent city,New Tashkent district,The village of Bardankul,1,1.35,1,1
58,4.0,Author's design,Brick,1,300465.84,200.0,Tashkent city,Sergeli district,Massive Kuruvchi,1,5.0,2,2
59,6.0,Rough finishing,Block,0,57000.0,466.0,Tashkent city,New Tashkent district,The village of Bardankul,1,1.0,2,2
60,4.0,Euro renovation,Brick,0,350000.0,700.0,Tashkent region,Bektemir district,COK-Torak Bridge,1,12.0,2,2
61,3.0,Medium,Brick,1,35000.0,50.0,Tashkent region,Mirabad district,4P253,1,3.0,1,1
62,4.0,Author's design,Brick,1,380000.0,400.0,Tashkent city,Mirzo-Ulugbek district,The street is shifted,1,4.5,2,2
63,4.0,Euro renovation,Brick,1,145000.0,200.0,Tashkent region,Bektemir district,The street is the truth,1,5.0,2,2
64,3.0,Euro renovation,Block,1,170000.0,105.0,Tashkent city,Mirzo-Ulugbek district,Childituron street,0,2.4,1,1
65,6.0,Rough finishing,Brick,1,450000.0,540.0,Tashkent city,Yunusabad district,Makhalinsky gathering of citizens Kushchinor,1,6.0,3,3
66,6.0,Author's design,Brick,0,13475.0,450.0,Tashkent city,Mirzo-Ulugbek district,Anaybulok street,1,3.5,3,3
67,4.0,Requires repairs,Other,0,270000.0,1.0,Tashkent city,Orthodpinsky district,Dilnavo street,1,6.0,1,1
68,4.0,Euro renovation,Brick,1,450000.0,400.0,Tashkent region,New Tashkent district,Oboravon street,1,3.0,3,3
69,4.0,Euro renovation,Brick,1,125000.0,1.0,Tashkent city,Sergeli district,Makhalinsky gathering citizens kitchen kumarik,1,2.5,1,1
70,3.0,Euro renovation,Block,1,170000.0,105.0,Tashkent city,Mirzo-Ulugbek district,Childituron street,0,2.4,1,1
71,4.0,Medium,Brick,0,68000.0,70.0,Tashkent city,Yashnobodsky district,Street Parkent,1,1.4,1,1
72,3.0,Medium,Brick,0,76000.0,80.0,Tashkent city,Yashnobodsky district,Mukhtar Ashrafi Street,0,1.8,1,1
73,4.0,Rough finishing,Brick,0,260000.0,300.0,Tashkent region,New Tashkent district,Farabi Street,1,10.0,2,2
74,4.0,Euro renovation,Brick,0,87500.0,85.0,Tashkent city,Yashnobodsky district,Street Jarkurgan,1,1.0,2,2
75,6.0,Medium,Brick,1,65000.0,148.0,Tashkent region,Orthodpinsky district,"the JSON object must be str, bytes or bytearray, not NoneType",1,14.73,1,1
76,4.0,Author's design,Brick,1,300465.84,200.0,Tashkent city,Sergeli district,Massive Kuruvchi,1,5.0,2,2
77,4.0,Author's design,Brick,1,300465.84,200.0,Tashkent city,Sergeli district,Massive Kuruvchi,1,5.0,2,2
78,6.0,Medium,Brick,0,325000.0,300.0,Tashkent city,Almazar district,The Olympia array,1,6.5,1,1
79,6.0,Requires repairs,Brick,0,250000.0,450.0,Tashkent city,Mirzo-Ulugbek district,Mahalla Elobod,1,10.0,3,3
80,6.0,Medium,Brick,0,350000.0,850.0,Tashkent region,urban village of Salar,Limonchilik Street,1,6.5,2,2
81,6.0,Author's design,Brick,0,75000.0,200.0,Tashkent city,Shaikhantakhur district,Farabi Street,1,3.0,2,2
82,3.0,Medium,Brick,0,160000.0,120.0,Tashkent city,Mirzo-Ulugbek district,The street is the truth,1,6.0,1,1
83,3.0,Euro renovation,Block,1,170000.0,105.0,Tashkent city,Mirzo-Ulugbek district,Childituron street,0,2.4,1,1
84,4.0,Author's design,Brick,0,380000.0,300.0,Tashkent region,urban village of Khojikent,Street rabst,1,8.0,1,1
85,6.0,Medium,Brick,1,300000.0,400.0,Tashkent city,Yashnobodsky district,3rd passage Havast,1,8.0,2,2
86,5.0,Medium,Brick,1,140000.0,133.0,Tashkent city,New Tashkent district,4P2,1,6.0,1,1
87,4.0,Euro renovation,Brick,1,110000.0,160.0,Tashkent city,Yashnobodsky district,4th quarter,1,1.0,2,2
88,2.0,Medium,Brick,1,31500.0,50.0,Tashkent region,Orthodpinsky district,Navbahor Street,1,6.0,1,1
89,4.0,Author's design,Brick,1,300465.84,200.0,Tashkent city,Sergeli district,Massive Kuruvchi,1,5.0,2,2
90,4.0,Euro renovation,Brick,1,300000.0,250.0,Tashkent city,Orthodpinsky district,The dead end of the subzavot,1,2.8,3,3
91,6.0,Medium,Brick,1,77000.0,159.0,Tashkent region,Yangikhayat district,Street Dehkon,1,6.0,1,1
92,3.0,Medium,Brick,0,160000.0,100.0,Tashkent city,Yashnobodsky district,Lisunova Street,1,3.77,1,1
93,4.0,Euro renovation,Brick,0,550000.0,360.0,Tashkent city,Mirzo-Ulugbek district,Hirmontep Street,1,3.0,2,2
94,6.0,Medium,Brick,0,230000.0,200.0,Tashkent city,Chilanzar district,Nurhon street,1,3.8,1,1
95,4.0,Author's design,Brick,1,300465.84,200.0,Tashkent city,Sergeli district,Massive Kuruvchi,1,5.0,2,2
96,4.0,Medium,Brick,1,69293.48,65.0,Tashkent region,Yangikhayat district,Sunny street,1,6.0,1,1
97,6.0,Medium,Brick,0,325000.0,650.0,Tashkent city,Almazar district,The Olympia array,1,6.5,1,1
98,6.0,Medium,Brick,1,200000.0,118.0,Tashkent city,Yunusabad district,1st passage Chimrobod,1,3.25,1,1
99,4.0,Euro renovation,Brick,0,155000.0,200.0,Tashkent city,Yunusabad district,Badamzar street,1,2.0,2,2
100,4.0,Euro renovation,Brick,0,330000.0,450.0,Tashkent city,Shaikhantakhur district,Uvishi Street,1,3.7,3,3
101,3.0,Euro renovation,Block,1,170000.0,105.0,Tashkent city,Mirzo-Ulugbek district,Childituron street,0,2.4,1,1
102,4.0,Author's design,Brick,1,300465.84,200.0,Tashkent city,Sergeli district,Massive Kuruvchi,1,5.0,2,2
103,6.0,Rough finishing,Brick,1,151000.0,275.0,Tashkent city,Yashnobodsky district,1st quarter,1,3.0,2,2
104,6.0,Medium,Brick,1,400000.0,300.0,Tashkent city,Mirzo-Ulugbek district,Street Zaitun,1,4.5,2,2
105,3.0,Rough finishing,Brick,1,100000.0,168.0,Tashkent city,Sergeli district,Street Belarik,1,2.0,2,2
106,4.0,Author's design,Brick,0,700000.0,550.0,Tashkent city,Chilanzar district,Dombibad Street,1,5.5,3,3
107,4.0,Euro renovation,Brick,1,134000.0,400.0,Tashkent city,Sergeli district,Mirza Tursunzade Street,1,4.0,2,2
108,3.0,Euro renovation,Block,1,170000.0,105.0,Tashkent city,Mirzo-Ulugbek district,Childituron street,0,2.4,1,1
109,2.0,Author's design,Brick,1,35000.0,27.0,Tashkent city,Yashnobodsky district,Mukhtar Ashrafi Street,0,1.0,1,1
110,4.0,Euro renovation,Brick,1,140000.0,170.0,Tashkent city,Sergeli district,Makhalinsky gathering of Khontepa citizens,1,4.0,1,1
111,6.0,Requires repairs,Brick,0,37000.0,150.0,Tashkent city,Mirabad district,Ferghana street,1,8.0,1,1
112,4.0,Medium,Brick,0,44254.66,12.0,Tashkent region,Mirabad district,"the JSON object must be str, bytes or bytearray, not NoneType",1,12.0,1,1
113,3.0,Rough finishing,Brick,1,52100.0,95.0,Tashkent city,Sergeli district,1st passage of Dareyo Buii Street,1,1.1,2,2
114,4.0,Author's design,Brick,1,300465.84,200.0,Tashkent city,Sergeli district,Massive Kuruvchi,1,5.0,2,2
115,6.0,Medium,Brick,0,250000.0,360.0,Tashkent city,Yashnobodsky district,Yangi Uzbekiston Street,1,10.0,3,3
116,6.0,Medium,Brick,0,390000.0,330.0,Tashkent city,Yakkasarai district,Travel Tafakkur,1,4.3,1,1
117,6.0,Medium,Brick,1,400000.0,300.0,Tashkent city,Mirzo-Ulugbek district,Street Zaitun,1,4.5,2,2
118,4.0,Euro renovation,Brick,0,115000.0,100.0,Tashkent city,Mirabad district,Altynculskaya street,1,1.0,2,2
119,4.0,Euro renovation,Brick,0,104990.0,80.0,Tashkent city,Yashnobodsky district,Kadyshev Street,1,1.78,1,1
120,4.0,Author's design,Brick,1,300465.84,200.0,Tashkent city,Sergeli district,Massive Kuruvchi,1,5.0,2,2
121,6.0,Medium,Brick,0,150000.0,140.0,Tashkent region,New Tashkent district,"the JSON object must be str, bytes or bytearray, not NoneType",1,9.0,4,4
122,6.0,Medium,Brick,0,230000.0,200.0,Tashkent city,Chilanzar district,Nurhon street,1,4.0,1,1
123,5.0,Medium,Brick,0,233000.0,150.0,Tashkent city,Mirzo-Ulugbek district,Street with lard,1,5.7,2,2
124,6.0,Euro renovation,Monolithic,1,449999.0,450.0,Tashkent city,Yunusabad district,Akhrobod,1,8.0,4,4
125,4.0,Euro renovation,Brick,1,650000.0,675.0,Tashkent city,Yunusabad district,Katt-Hasanbai street,1,6.0,3,3
126,3.0,Euro renovation,Block,1,170000.0,105.0,Tashkent city,Mirzo-Ulugbek district,Childituron street,0,2.4,1,1
127,3.0,Euro renovation,Block,1,170000.0,105.0,Tashkent city,Mirzo-Ulugbek district,Childituron street,0,2.4,1,1
128,4.0,Euro renovation,Brick,1,180000.0,70.0,Tashkent city,Mirabad district,Street isznobod,1,2.3,1,1
129,4.0,Euro renovation,Brick,0,52000.0,60.0,Tashkent city,Yashnobodsky district,Mukhtar Ashrafi Street,1,1.0,1,1
130,4.0,Euro renovation,Brick,0,105000.0,200.0,Tashkent city,Yashnobodsky district,Mukhtar Ashrafi Street,1,1.0,2,2
131,4.0,Euro renovation,Brick,0,87500.0,85.0,Tashkent city,Yashnobodsky district,Street Jarkurgan,1,1.1,2,2
132,4.0,Euro renovation,Brick,0,95000.0,90.0,Tashkent city,Yashnobodsky district,Baku Street,1,2.16,1,1
133,4.0,Author's design,Brick,1,300465.84,200.0,Tashkent city,Sergeli district,Massive Kuruvchi,1,5.0,2,2
134,4.0,Euro renovation,Brick,0,670000.0,316.0,Tashkent city,Mirzo-Ulugbek district,Sayhat Street,1,6.0,2,2
135,2.0,Medium,Brick,1,58000.0,40.0,Tashkent city,Mirabad district,The 4th dead end Dangar,1,1.4,1,1
136,5.0,Author's design,Brick,1,95000.0,189.0,Tashkent city,Sergeli district,Hanabad street,1,3.7,1,1
137,6.0,Medium,Brick,0,430000.0,500.0,Tashkent city,Yunusabad district,Makhalinsky gathering of citizens of Yurtabad,1,16.0,1,1
138,6.0,Author's design,Block,1,115000.0,300.0,Tashkent region,Orthodpinsky district,Funny street,1,12.0,2,2
139,3.0,Euro renovation,Block,1,170000.0,105.0,Tashkent city,Mirzo-Ulugbek district,Childituron street,0,2.4,1,1
140,4.0,Requires repairs,Brick,0,135000.0,154.0,Tashkent city,Mirzo-Ulugbek district,Street Chahbud,1,2.2,1,1
141,4.0,Medium,Other,0,180000.0,200.0,Tashkent city,Almazar district,3rd travel Chiltugon,1,2.0,1,1
142,4.0,Rough finishing,Brick,0,220000.0,225.0,Tashkent city,Mirzo-Ulugbek district,Lomonosov street,1,1.5,2,2
143,2.0,Requires repairs,Brick,1,41000.0,40.0,Tashkent city,Bektemir district,Hussein Baikara Street,1,1.75,1,1
144,4.0,Author's design,Brick,1,190000.0,180.0,Tashkent city,Yangikhayat district,Makhalinsky gathering of citizens Yangi Darhon,1,4.0,1,1
145,3.0,Euro renovation,Block,1,170000.0,105.0,Tashkent city,Mirzo-Ulugbek district,Childituron street,0,2.4,1,1
146,4.0,Euro renovation,Brick,1,135000.0,220.0,Tashkent city,Sergeli district,Mirza Tursunzade Street,1,3.5,2,2
147,4.0,Euro renovation,Brick,0,280000.0,300.0,Tashkent city,Mirzo-Ulugbek district,Oltintep Street,1,3.0,2,2
148,3.0,Rough finishing,Brick,1,38500.0,71.0,Tashkent city,Sergeli district,1st passage of Dareyo Buii Street,1,1.1,2,2
149,4.0,Euro renovation,Brick,0,650000.0,322.0,Tashkent city,Yakkasarai district,Abdullah Kahhara Street,1,8.0,2,2
150,4.0,Euro renovation,Brick,1,400000.0,270.0,Tashkent city,Yakkasarai district,Street Beshchinar,1,3.7,2,2
151,4.0,Author's design,Brick,1,300465.84,200.0,Tashkent city,Sergeli district,Massive Kuruvchi,1,5.0,2,2
152,4.0,Author's design,Brick,1,300465.84,200.0,Tashkent city,Sergeli district,Massive Kuruvchi,1,5.0,2,2
153,4.0,Rough finishing,Brick,0,220000.0,288.0,Tashkent city,Mirzo-Ulugbek district,Street Gazalkent,1,1.5,2,2
154,4.0,Author's design,Brick,1,65000.0,88.0,Tashkent city,Almazar district,Karasarayskaya street,1,1.6,2,2
155,6.0,Medium,Other,0,175000.0,180.0,Tashkent city,Chilanzar district,1st passage Hosilot,1,2.5,1,1
156,4.0,Euro renovation,Brick,1,95000.0,115.0,Tashkent city,Sergeli district,Nurlihah Street,1,1.3,2,2
157,6.0,Requires repairs,Other,1,349900.0,100.0,Tashkent city,Yunusabad district,Turgun Rizaeva street,1,6.0,1,1
158,3.0,Euro renovation,Block,1,170000.0,105.0,Tashkent city,Mirzo-Ulugbek district,Childituron street,0,2.4,1,1
159,4.0,Euro renovation,Brick,0,105000.0,100.0,Tashkent city,Yashnobodsky district,Makhzuna street,1,1.7,1,1
160,4.0,Euro renovation,Brick,1,155000.0,150.0,Tashkent city,Sergeli district,1st travel Kushkurgon,1,2.5,1,1
161,4.0,Euro renovation,Brick,0,105000.0,150.0,Tashkent city,Yashnobodsky district,Makhalinsky gathering of citizens Olmos,1,1.5,2,2
162,4.0,Euro renovation,Brick,0,23000.0,18.0,Tashkent city,Yashnobodsky district,Makhzuna street,1,1.0,1,1
163,4.0,Euro renovation,Brick,0,33500.0,36.0,Tashkent city,Yashnobodsky district,Makhzuna street,1,1.0,1,1
164,4.0,Author's design,Brick,1,300465.84,200.0,Tashkent city,Sergeli district,Massive Kuruvchi,1,5.0,2,2
165,4.0,Euro renovation,Brick,0,140000.0,150.0,Tashkent city,Mirabad district,Ferghana Yuli,1,1.6,2,2
166,4.0,Requires repairs,Brick,0,84900.0,100.0,Tashkent region,Orthodpinsky district,Raikhon Street,1,6.0,1,1
167,4.0,Euro renovation,Brick,0,107900.0,120.0,Tashkent city,Yashnobodsky district,Akdaryinskaya street,1,2.2,1,1
168,4.0,Euro renovation,Brick,0,120000.0,100.0,Tashkent city,Mirabad district,Abu Suleiman Banokati Street,1,1.0,2,2
169,4.0,Euro renovation,Brick,0,125000.0,120.0,Tashkent city,Mirabad district,Altynculskaya street,1,1.0,2,2
170,4.0,Author's design,Brick,1,300465.84,200.0,Tashkent city,Sergeli district,Massive Kuruvchi,1,5.0,2,2
171,4.0,Euro renovation,Brick,0,105000.0,100.0,Tashkent city,Mirabad district,Altynculskaya street,1,1.0,2,2
172,4.0,Euro renovation,Brick,0,48500.0,50.0,Tashkent city,Yashnobodsky district,1st street Mavlyana Ryozy,1,1.0,1,1
173,4.0,Medium,Other,0,72000.0,2.0,Tashkent region,New Tashkent district,"the JSON object must be str, bytes or bytearray, not NoneType",1,5.0,1,1
174,4.0,Euro renovation,Brick,0,135000.0,132.0,Tashkent city,Yashnobodsky district,Okhangro Street,1,2.3,1,1
175,4.0,Medium,Monolithic,0,210000.0,350.0,Tashkent city,Mirabad district,Makhalinsky gathering of citizens Mingurik,1,3.5,1,1
176,3.0,Euro renovation,Block,1,170000.0,105.0,Tashkent city,Mirzo-Ulugbek district,Childituron street,0,2.4,1,1
177,4.0,Author's design,Brick,1,300465.84,200.0,Tashkent city,Sergeli district,Massive Kuruvchi,1,5.0,2,2
178,4.0,Euro renovation,Brick,0,270000.0,227.0,Tashkent city,Mirzo-Ulugbek district,Mustakillik Avenue,1,3.3,1,1
179,4.0,Euro renovation,Brick,0,550000.0,400.0,Tashkent region,Mirabad district,Streetosh Street,1,20.0,1,1
180,4.0,Medium,Brick,0,95000.0,90.0,Tashkent city,Yashnobodsky district,Baku Street,1,2.16,1,1
181,4.0,Author's design,Brick,1,159000.0,200.0,Tashkent city,Yashnobodsky district,Street Tuzel,1,2.0,2,2
182,4.0,Euro renovation,Brick,0,350000.0,200.0,Tashkent region,Mirabad district,Streetosh Street,1,10.0,1,1
183,3.0,Euro renovation,Block,1,170000.0,105.0,Tashkent city,Mirzo-Ulugbek district,Childituron street,0,2.4,1,1
184,4.0,Euro renovation,Brick,1,138000.0,180.0,Tashkent region,Almazar district,1st passage of the Praviklol,1,1.7,2,2
185,4.0,Rough finishing,Brick,1,900000.0,200.0,Tashkent city,Mirzo-Ulugbek district,Mahalla Elobod,1,10.0,1,1
186,6.0,Rough finishing,Brick,1,180000.0,350.0,Tashkent city,Mirzo-Ulugbek district,Mahalla Elobod,1,4.0,1,1
187,4.0,Requires repairs,Brick,1,110000.0,550.0,Tashkent region,New Tashkent district,"the JSON object must be str, bytes or bytearray, not NoneType",1,7.0,1,1
188,3.0,Requires repairs,Brick,1,75000.0,600.0,Tashkent region,New Tashkent district,"the JSON object must be str, bytes or bytearray, not NoneType",1,6.0,1,1
189,4.0,Author's design,Brick,1,300465.84,200.0,Tashkent city,Sergeli district,Massive Kuruvchi,1,5.0,2,2
190,5.0,Requires repairs,Brick,1,100000.0,120.0,Tashkent city,Yunusabad district,Street Chinabad,1,160.0,2,2
191,6.0,Medium,Brick,1,210000.0,300.0,Tashkent region,Bektemir district,Chimkent Yuli Street,1,8.0,1,1
192,4.0,Requires repairs,Brick,1,200000.0,100.0,Tashkent city,Mirzo-Ulugbek district,Khamroeva street,1,5005.0,1,1
193,4.0,Euro renovation,Brick,0,350000.0,400.0,Tashkent region,Mirabad district,9th passage Shofiz,1,8.0,1,1
194,5.0,Rough finishing,Brick,0,125000.0,390.0,Tashkent city,Chilanzar district,Street Shosh,1,1.7,2,2
195,4.0,Author's design,Brick,1,300465.84,200.0,Tashkent city,Sergeli district,Massive Kuruvchi,1,5.0,2,2
196,4.0,Euro renovation,Brick,0,120000.0,140.0,Tashkent city,Mirabad district,Hanabadtepa Avenue,1,1.2,2,2
197,6.0,Medium,Other,0,150000.0,300.0,Tashkent region,New Tashkent district,"the JSON object must be str, bytes or bytearray, not NoneType",1,21.0,2,2
198,6.0,Medium,Brick,1,128000.0,210.0,Tashkent city,Sergeli district,Makhalinsky gathering of Farogatley citizens,1,2.5,2,2
199,4.0,Euro renovation,Brick,0,350000.0,300.0,Tashkent region,New Tashkent district,Street Chinars,1,8.0,2,2
200,3.0,Medium,Brick,0,55000.0,144.0,Tashkent city,Chilanzar district,Makhalinsky gathering of citizens Yakkat,1,6.0,1,1
201,3.0,Euro renovation,Block,1,170000.0,105.0,Tashkent city,Mirzo-Ulugbek district,Childituron street,0,2.4,1,1
202,4.0,Author's design,Brick,1,300465.84,200.0,Tashkent city,Sergeli district,Massive Kuruvchi,1,5.0,2,2
203,3.0,Medium,Brick,0,116000.0,100.0,Tashkent city,Chilanzar district,Street Bunyod,1,2.7,1,1
204,6.0,Rough finishing,Brick,0,160000.0,275.0,Tashkent city,Yashnobodsky district,Street Chulpan,1,3.0,2,2
205,5.0,Medium,Brick,1,330000.0,150.0,Tashkent city,Mirabad district,Ferghana Yuli,1,8.0,1,1
206,4.0,Euro renovation,Brick,1,64800.0,94.0,Tashkent city,Sergeli district,1st passage of Dareyo Buii Street,1,11.0,2,2
207,4.0,Euro renovation,Brick,1,135000.0,220.0,Tashkent city,Yangikhayat district,Makhalinsky gathering of citizens Yangi Haet,1,3.5,2,2
208,3.0,Euro renovation,Block,1,170000.0,105.0,Tashkent city,Mirzo-Ulugbek district,Childituron street,0,2.4,1,1
209,5.0,Medium,Brick,0,500000.0,220.0,Tashkent city,Yakkasarai district,Tafakkur Street,1,3.8,2,2
210,6.0,Medium,Brick,0,360000.0,300.0,Tashkent city,Chilanzar district,Dombibad Street,1,3.8,2,2
211,4.0,Euro renovation,Brick,0,625000.0,500.0,Tashkent region,New Tashkent district,Street Khojikent,1,10.0,2,2
212,4.0,Author's design,Brick,1,250000.0,247.0,Tashkent city,Mirzo-Ulugbek district,The street is God,1,6.0,2,2
213,4.0,Author's design,Brick,1,300000.0,350.0,Tashkent city,Yashnobodsky district,Makhmura Street,1,3.7,4,4
214,4.0,Author's design,Brick,1,300465.84,200.0,Tashkent city,Sergeli district,Massive Kuruvchi,1,5.0,2,2
215,6.0,Medium,Other,1,400000.0,165.0,Tashkent city,Mirzo-Ulugbek district,Makhalinsky gathering of citizens Elabad,1,10.0,1,1
216,4.0,Euro renovation,Brick,1,2000000.0,550.0,Tashkent city,Mirzo-Ulugbek district,Buyuk Street Ipak Yuli,1,9.0,3,3
217,4.0,Author's design,Brick,0,170000.0,130.0,Tashkent city,Bektemir district,Makhalinsky gathering of citizens Mirishkor,1,6.0,1,1
218,4.0,Author's design,Brick,0,350000.0,255.0,Tashkent city,Mirzo-Ulugbek district,Pilla Street,1,6.0,2,2
219,4.0,Euro renovation,Brick,0,450000.0,300.0,Tashkent city,Yakkasarai district,Street Kitik Mirobod,1,3.0,2,2
220,4.0,Author's design,Brick,1,300465.84,200.0,Tashkent city,Sergeli district,Massive Kuruvchi,1,5.0,2,2
221,2.0,Author's design,Brick,1,40000.0,80.0,Tashkent city,Yashnobodsky district,Makhalinsky gathering of citizens Shirinobod,1,1.0,1,1
222,2.0,Medium,Brick,0,210000.0,68.0,Tashkent city,Mirzo-Ulugbek district,Buyuk Street Ipak Yuli,1,3.7,1,1
223,4.0,Medium,Brick,1,90000.0,160.0,Tashkent region,urban village of Salar,Street Orom,1,3.8,1,1
224,4.0,Medium,Brick,0,85000.0,174.0,Tashkent city,Sergeli district,Kushkurgon Street,1,2.0,1,1
225,4.0,Euro renovation,Brick,1,169000.0,200.0,Tashkent city,Almazar district,Keles Yuli street,1,2.6,2,2
226,3.0,Euro renovation,Block,1,170000.0,105.0,Tashkent city,Mirzo-Ulugbek district,Childituron street,0,2.4,1,1
227,4.0,Author's design,Brick,1,300465.84,200.0,Tashkent city,Sergeli district,Massive Kuruvchi,1,5.0,2,2
228,4.0,Medium,Brick,1,185000.0,72.0,Tashkent city,Sergeli district,7th quarter,1,9.0,1,1
229,5.0,Medium,Brick,0,136500.0,400.0,Tashkent city,New Tashkent district,Yoshlik street,1,7.0,1,1
230,3.0,Medium,Brick,1,65000.0,72.0,Tashkent city,Yashnobodsky district,Mukhtar Ashrafi Street,0,1.0,1,1
231,6.0,Requires repairs,Other,1,399000.0,6.0,Tashkent city,Yunusabad district,Turgun Rizaeva street,1,6.0,1,1
232,4.0,Euro renovation,Brick,1,230000.0,660.0,Tashkent region,Yangikhayat district,Karaulovo street,1,6.0,1,1
233,3.0,Euro renovation,Block,1,170000.0,105.0,Tashkent city,Mirzo-Ulugbek district,Childituron street,0,2.4,1,1
234,4.0,Author's design,Brick,0,360000.0,170.0,Tashkent city,Mirzo-Ulugbek district,3rd passage of Hirmontep,1,3.0,2,2
235,4.0,Author's design,Brick,1,780000.0,500.0,Tashkent city,Mirzo-Ulugbek district,3rd passage Actic,1,8.0,2,2
236,6.0,Medium,Other,1,200000.0,200.0,Tashkent city,Yashnobodsky district,Yakkatol 5-Tor Koʻchasi,1,3.0,1,1
237,5.0,Medium,Other,0,221000.0,87.0,Tashkent city,Yashnobodsky district,2nd passage of Sulol,1,3.4,1,1
238,6.0,Medium,Other,0,450000.0,125.0,Tashkent city,Mirzo-Ulugbek district,The street is God,1,15.0,1,1
239,4.0,Author's design,Brick,1,300465.84,200.0,Tashkent city,Sergeli district,Massive Kuruvchi,1,5.0,2,2
240,4.0,Euro renovation,Brick,1,45000.0,60.0,Tashkent city,Mirabad district,Makhalinsky gathering citizens,1,1.0,1,1
241,4.0,Medium,Block,1,110000.0,80.0,Tashkent city,Mirzo-Ulugbek district,The street is God,1,3.5,1,1
242,5.0,Medium,Brick,0,495000.0,400.0,Tashkent city,Yakkasarai district,Tafakkur Street,1,3.8,2,2
243,6.0,Medium,Brick,0,325000.0,260.0,Tashkent city,Yakkasarai district,Bogibustan street,1,3.6,2,2
244,3.0,Rough finishing,Brick,1,48500.0,95.0,Tashkent city,Sergeli district,Street Darayo Buii,1,11.0,2,2
245,4.0,Author's design,Brick,1,300465.84,200.0,Tashkent city,Sergeli district,Massive Kuruvchi,1,5.0,2,2
246,4.0,Medium,Brick,1,1700000.0,574.0,Tashkent city,Yunusabad district,1st dead end to Box,1,13.0,2,2
247,4.0,Euro renovation,Brick,0,290000.0,250.0,Tashkent region,urban village of Khojikent,Street rabst,1,8.0,1,1
248,4.0,Euro renovation,Brick,0,300000.0,300.0,Tashkent region,New Tashkent district,Dustlik street,1,8.0,2,2
249,6.0,Medium,Brick,0,325000.0,300.0,Tashkent city,Almazar district,The Olympia array,1,6.5,1,1
250,4.0,Euro renovation,Brick,0,243000.0,140.0,Tashkent city,Mirabad district,Heydar Aliyeva street,1,6.0,1,1
251,3.0,Euro renovation,Block,1,170000.0,105.0,Tashkent city,Mirzo-Ulugbek district,Childituron street,0,2.4,1,1
252,4.0,Author's design,Brick,1,300465.84,200.0,Tashkent city,Sergeli district,Massive Kuruvchi,1,5.0,2,2
253,4.0,Euro renovation,Brick,0,80000.0,90.0,Tashkent city,Yashnobodsky district,Makhzuna street,0,1.8,1,1
254,4.0,Euro renovation,Brick,0,38000.0,45.0,Tashkent city,Yashnobodsky district,Makhalinsky gathering of citizens Shirinobod,1,1.0,1,1
255,4.0,Euro renovation,Brick,0,58200.0,80.0,Tashkent city,Yashnobodsky district,Mukhtar Ashrafi Street,0,1.0,2,2
256,5.0,Medium,Brick,0,210000.0,180.0,Tashkent city,Yunusabad district,Bahauddin Street Nakshbanda,1,4.0,1,1
257,4.0,Euro renovation,Brick,0,385000.0,250.0,Tashkent city,Yunusabad district,Badamzar street,1,5.0,1,1
258,3.0,Euro renovation,Block,1,170000.0,105.0,Tashkent city,Mirzo-Ulugbek district,Childituron street,0,2.4,1,1
259,4.0,Euro renovation,Brick,0,400000.0,220.0,Tashkent city,Yakkasarai district,Mingguzar street,1,3.3,2,2
260,4.0,Medium,Brick,0,70000.0,100.0,Tashkent region,Orthodpinsky district,Ziollar Street,1,6.0,1,1
261,3.0,Requires repairs,Brick,1,120000.0,117.0,Tashkent city,Mirabad district,The passage is stroke,1,3.3,1,1
262,4.0,Author's design,Brick,0,100000.0,200.0,Tashkent city,Mirzo-Ulugbek district,Kibrai street,1,200.0,2,2
263,4.0,Euro renovation,Brick,0,350000.0,350.0,Tashkent city,Yunusabad district,Mahalla Minor,1,3.3,2,2
264,4.0,Author's design,Brick,1,300465.84,200.0,Tashkent city,Sergeli district,Massive Kuruvchi,1,5.0,2,2
265,4.0,Euro renovation,Brick,1,300000.0,500.0,Tashkent city,Bektemir district,Mazhnuntol Street,1,8.0,2,2
266,4.0,Euro renovation,Brick,1,2000000.0,200.0,Tashkent city,Mirzo-Ulugbek district,Uzumor Street,1,12.0,2,2
267,5.0,Medium,Brick,1,170000.0,400.0,Tashkent city,Bektemir district,Mazhnuntol Street,1,8.0,1,1
268,4.0,Euro renovation,Brick,0,500000.0,230.0,Tashkent city,Mirzo-Ulugbek district,Akkurgan street,1,4.6,1,1
269,6.0,Euro renovation,Brick,1,808000.0,770.0,Tashkent city,Shaikhantakhur district,Ipakchi,1,6.0,4,4
270,4.0,Author's design,Brick,1,300465.84,200.0,Tashkent city,Sergeli district,Massive Kuruvchi,1,5.0,2,2
271,6.0,Medium,Brick,1,440000.0,600.0,Tashkent region,Orthodpinsky district,The street is Tutor,1,12.0,3,3
272,6.0,Medium,Brick,1,210000.0,200.0,Tashkent region,urban village of Salar,Karamurt Street,1,6.0,1,1
273,4.0,Euro renovation,Brick,0,350000.0,700.0,Tashkent region,Yunusabad district,2nd passage of Herod,1,12.0,2,2
274,4.0,Requires repairs,Other,1,50000.0,2.0,Ferghana region,Yunusabad district,Street Umid Nihollari,1,4.3,1,1
275,4.0,Rough finishing,Brick,1,280000.0,450.0,Tashkent city,Mirabad district,Sarykul street,1,7.0,2,2
276,3.0,Euro renovation,Block,1,170000.0,105.0,Tashkent city,Mirzo-Ulugbek district,Childituron street,0,2.4,1,1
277,4.0,Author's design,Brick,1,300465.84,200.0,Tashkent city,Sergeli district,Massive Kuruvchi,1,5.0,2,2
278,6.0,Medium,Brick,1,225000.0,400.0,Tashkent city,Shaikhantakhur district,Duchar Street,1,4.0,1,1
279,5.0,Rough finishing,Brick,0,153000.0,280.0,Tashkent region,New Tashkent district,Ukori Hassanboy Street,1,3.0,2,2
280,4.0,Euro renovation,Brick,0,960000.0,800.0,Tashkent city,Mirzo-Ulugbek district,Hirmontep Street,1,6.0,2,2
281,4.0,Euro renovation,Brick,0,600000.0,470.0,Tashkent city,Mirzo-Ulugbek district,Hirmontep Street,1,5.0,2,2
282,4.0,Euro renovation,Brick,0,550000.0,110.0,Tashkent city,Yakkasarai district,Mingguzar street,1,6.0,1,1
283,3.0,Euro renovation,Block,1,170000.0,105.0,Tashkent city,Mirzo-Ulugbek district,Childituron street,0,2.4,1,1
284,4.0,Euro renovation,Brick,0,155000.0,550.0,Tashkent region,Orthodpinsky district,Samarkand Street,1,10.0,2,2
285,4.0,Author's design,Brick,0,540000.0,520.0,Tashkent city,Mirzo-Ulugbek district,2nd passage of Khusanbaeva,1,5.0,2,2
286,6.0,Rough finishing,Brick,0,170000.0,360.0,Tashkent city,Yunusabad district,Street Tiklanish,1,1.8,2,2
287,3.0,Author's design,Other,1,822500.0,155.0,Tashkent city,Mirzo-Ulugbek district,Rishtan street,1,17.5,1,1
288,4.0,Euro renovation,Brick,0,52000.0,60.0,Tashkent city,Yashnobodsky district,Khatirchi street,1,1.0,1,1
289,4.0,Author's design,Brick,1,300465.84,200.0,Tashkent city,Sergeli district,Massive Kuruvchi,1,5.0,2,2
290,4.0,Euro renovation,Brick,0,105000.0,200.0,Tashkent city,Yashnobodsky district,Khatirchi street,1,1.0,2,2
291,3.0,Medium,Brick,0,83000.0,100.0,Tashkent city,Yashnobodsky district,Makhzuna street,0,1.3,1,1
292,4.0,Euro renovation,Brick,0,45000.0,46.0,Tashkent city,Mirabad district,Ferghana Yuli,1,1.0,1,1
293,4.0,Euro renovation,Brick,0,55000.0,55.0,Tashkent city,Mirabad district,Sarykul Street,1,1.0,1,1
294,4.0,Euro renovation,Brick,0,105000.0,100.0,Tashkent city,Yashnobodsky district,Makhzuna street,0,1.7,1,1
295,4.0,Author's design,Brick,1,300465.84,200.0,Tashkent city,Sergeli district,Massive Kuruvchi,1,5.0,2,2
296,4.0,Euro renovation,Brick,0,450000.0,530.0,Tashkent city,Yunusabad district,4th passage Gulleter,1,5.0,2,2
297,4.0,Requires repairs,Brick,0,84900.0,70.0,Tashkent region,urban village of Salar,Raikhon Street,1,6.0,1,1
298,6.0,Medium,Brick,1,400000.0,500.0,Tashkent city,Shaikhantakhur district,1st street Ipakchi,1,5.0,2,2
299,4.0,Euro renovation,Brick,0,87000.0,85.0,Tashkent city,Yashnobodsky district,Street Jarkurgan,1,1.0,2,2
300,4.0,Euro renovation,Brick,0,70000.0,70.0,Tashkent city,Yashnobodsky district,Makhzuna street,0,1.0,2,2
301,3.0,Euro renovation,Block,1,170000.0,105.0,Tashkent city,Mirzo-Ulugbek district,Childituron street,0,2.4,1,1
302,3.0,Euro renovation,Block,1,170000.0,105.0,Tashkent city,Mirzo-Ulugbek district,Childituron street,0,2.4,1,1
303,4.0,Euro renovation,Brick,0,34500.0,40.0,Tashkent city,Sergeli district,Mirza Tursunzade Street,1,1.0,1,1
304,4.0,Euro renovation,Brick,0,25000.0,25.0,Tashkent city,Sergeli district,Mirza Tursunzade Street,1,1.0,1,1
305,4.0,Medium,Brick,0,145000.0,150.0,Tashkent region,New Tashkent district,"the JSON object must be str, bytes or bytearray, not NoneType",1,5.0,1,1
306,5.0,Rough finishing,Brick,0,125000.0,300.0,Tashkent region,urban village of Salar,The village of TashGRES,1,2.0,2,2
307,6.0,Medium,Brick,0,310000.0,250.0,Tashkent city,Yakkasarai district,Karakum street,1,3.5,1,1
308,4.0,Author's design,Brick,1,300465.84,200.0,Tashkent city,Sergeli district,Massive Kuruvchi,1,5.0,2,2
309,6.0,Rough finishing,Brick,0,185000.0,260.0,Tashkent region,urban village of Khojikent,Street rabst,1,5.5,2,2
310,6.0,Medium,Brick,0,400000.0,300.0,Tashkent region,New Tashkent district,"the JSON object must be str, bytes or bytearray, not NoneType",1,20.0,2,2
311,4.0,Euro renovation,Brick,0,700000.0,400.0,Tashkent city,Orthodpinsky district,Dadil Street,1,9.0,1,1
312,4.0,Euro renovation,Brick,0,485000.0,400.0,Tashkent city,Yakkasarai district,Rakatka Street,1,3.0,2,2
313,4.0,Medium,Brick,1,85000.0,180.0,Tashkent region,Yangikhayat district,A. Navoi Kochchasi,1,5.0,1,1
314,3.0,Euro renovation,Block,1,170000.0,105.0,Tashkent city,Mirzo-Ulugbek district,Childituron street,0,2.4,1,1
315,4.0,Requires repairs,Brick,1,220000.0,100.0,Tashkent city,Yashnobodsky district,1st dead end sultonali Mashhadi,1,4.5,1,1
316,4.0,Medium,Brick,1,1225000.0,380.0,Tashkent city,Mirzo-Ulugbek district,Buyuk Street Ipak Yuli,1,14.0,3,3
317,4.0,Euro renovation,Brick,1,190000.0,150.0,Tashkent city,Sergeli district,1st Chastepinsky passage,1,3.0,1,1
318,4.0,Euro renovation,Brick,0,67000.0,65.0,Tashkent city,Yashnobodsky district,Baysun Street,1,1.0,1,1
319,4.0,Euro renovation,Brick,0,60000.0,43.0,Tashkent city,Mirzo-Ulugbek district,Saram Street,1,1.0,2,2
320,3.0,Euro renovation,Block,1,170000.0,105.0,Tashkent city,Mirzo-Ulugbek district,Childituron street,0,2.4,1,1
321,4.0,Euro renovation,Brick,0,220000.0,150.0,Tashkent city,Mirzo-Ulugbek district,Makhalinsky gathering of citizens Khumoyun,1,6.0,1,1
322,6.0,Medium,Brick,0,390000.0,330.0,Tashkent city,Yakkasarai district,Rakatbobi Street,1,4.3,1,1
323,4.0,Medium,Brick,0,145000.0,160.0,Tashkent region,Mirabad district,Durmon street,1,6.0,1,1
324,5.0,Rough finishing,Brick,0,120000.0,300.0,Khorezm region,Bektemir district,"the JSON object must be str, bytes or bytearray, not NoneType",1,2.0,2,2
325,4.0,Author's design,Brick,1,160000.0,260.0,Tashkent region,New Tashkent district,Baitkurgan street,1,6.0,2,2
326,4.0,Author's design,Brick,1,300465.84,200.0,Tashkent city,Sergeli district,Massive Kuruvchi,1,5.0,2,2
327,3.0,Euro renovation,Block,1,170000.0,105.0,Tashkent city,Mirzo-Ulugbek district,Childituron street,0,2.4,1,1
328,3.0,Author's design,Brick,0,73000.0,1.0,Tashkent city,Yashnobodsky district,Makhalinsky gathering of citizens Shirinobod,1,1.3,1,1
329,4.0,Medium,Brick,0,76000.0,1.0,Tashkent city,Mirabad district,Sarykul Street,1,1.5,1,1
330,4.0,Euro renovation,Brick,0,72000.0,70.0,Tashkent city,Mirabad district,Heydar Aliyeva street,1,1.0,1,1
331,4.0,Euro renovation,Brick,0,36200.0,48.0,Tashkent city,Mirabad district,Heydar Aliyeva street,1,1.0,1,1
332,4.0,Euro renovation,Brick,0,100000.0,120.0,Tashkent city,Mirabad district,Ferghana Yuli,1,2.2,1,1
333,4.0,Author's design,Brick,1,300465.84,200.0,Tashkent city,Sergeli district,Massive Kuruvchi,1,5.0,2,2
334,3.0,Medium,Brick,0,84900.0,1.0,Tashkent city,Mirzo-Ulugbek district,Ulyana Street,1,6.0,1,1
335,4.0,Euro renovation,Brick,0,23000.0,18.0,Tashkent city,Mirabad district,Abdurafa Fitrate street,0,1.0,1,1
336,4.0,Euro renovation,Brick,0,33500.0,36.0,Tashkent city,Mirabad district,Abdurafa Fitrate street,0,1.0,1,1
337,4.0,Euro renovation,Brick,0,140000.0,150.0,Tashkent city,Mirabad district,Ferghana Yuli,1,1.6,2,2
338,4.0,Euro renovation,Brick,0,105000.0,150.0,Tashkent city,Yashnobodsky district,Makhalinsky gathering of citizens Olmos,1,1.5,2,2
339,3.0,Euro renovation,Block,1,170000.0,105.0,Tashkent city,Mirzo-Ulugbek district,Childituron street,0,2.4,1,1
340,4.0,Euro renovation,Brick,0,105000.0,200.0,Tashkent city,Yashnobodsky district,Mukhtar Ashrafi Street,0,1.0,2,2
341,4.0,Euro renovation,Brick,0,89000.0,85.0,Tashkent city,Mirabad district,Ferghana Yuli,1,1.1,2,2
342,4.0,Euro renovation,Brick,0,58200.0,80.0,Tashkent city,Yashnobodsky district,Mukhtar Ashrafi Street,0,1.0,2,2
343,6.0,Medium,Brick,1,130000.0,280.0,Tashkent region,Yangikhayat district,Nuritdinova Street,1,20.0,2,2
344,4.0,Euro renovation,Brick,0,48500.0,1.0,Tashkent city,Yashnobodsky district,Mukhtar Ashrafi Street,0,1.0,1,1
345,3.0,Euro renovation,Block,1,170000.0,105.0,Tashkent city,Mirzo-Ulugbek district,Childituron street,0,2.4,1,1
346,4.0,Euro renovation,Brick,0,70000.0,70.0,Tashkent city,Yashnobodsky district,Makhzuna street,0,1.0,2,2
347,4.0,Euro renovation,Brick,0,80000.0,90.0,Tashkent city,Yashnobodsky district,Makhzuna street,0,1.8,1,1
348,4.0,Euro renovation,Brick,0,38000.0,45.0,Tashkent city,Yashnobodsky district,Makhalinsky gathering of citizens Shirinobod,1,1.0,1,1
349,4.0,Euro renovation,Brick,0,120000.0,120.0,Tashkent city,Mirabad district,Abdurafa Fitrate street,0,1.0,2,2
350,4.0,Euro renovation,Brick,0,33500.0,40.0,Tashkent city,Sergeli district,Mirza Tursunzade Street,1,1.0,1,1
351,4.0,Author's design,Brick,1,300465.84,200.0,Tashkent city,Sergeli district,Massive Kuruvchi,1,5.0,2,2
352,3.0,Euro renovation,Block,1,170000.0,105.0,Tashkent city,Mirzo-Ulugbek district,Childituron street,0,2.4,1,1
353,6.0,Medium,Brick,0,235000.0,600.0,Tashkent city,Yunusabad district,7th passage of Katta Hassanbo,1,4.8,2,2
354,5.0,Requires repairs,Brick,0,82000.0,150.0,Tashkent region,New Tashkent district,Sarka street,1,4.0,2,2
355,3.0,Medium,Brick,0,70000.0,60.0,Tashkent city,Almazar district,Farabi Street,1,2.0,1,1
356,4.0,Rough finishing,Brick,0,950000.0,800.0,Tashkent city,Mirzo-Ulugbek district,The street is God,1,12.0,2,2
357,3.0,Medium,Brick,0,100000.0,100.0,Tashkent city,Yashnobodsky district,Street Alimkent,1,1.5,2,2
358,4.0,Author's design,Brick,1,300465.84,200.0,Tashkent city,Sergeli district,Massive Kuruvchi,1,5.0,2,2
359,6.0,Medium,Brick,0,390000.0,330.0,Tashkent city,Mirzo-Ulugbek district,Rakatka Street,1,4.3,1,1
360,4.0,Euro renovation,Brick,0,295000.0,200.0,Tashkent city,Mirzo-Ulugbek district,Street Archeology,1,2.0,2,2
361,4.0,Euro renovation,Brick,0,800000.0,372.0,Tashkent city,Yakkasarai district,Abdullah Kahhara Street,1,10.0,2,2
362,4.0,Medium,Brick,1,92000.0,81.0,Tashkent city,Mirzo-Ulugbek district,Baysun Street,1,2.1,1,1
363,4.0,Euro renovation,Brick,1,63000.0,80.0,Tashkent city,Mirzo-Ulugbek district,3rd quarter,1,2.2,1,1
364,3.0,Euro renovation,Block,1,170000.0,105.0,Tashkent city,Mirzo-Ulugbek district,Childituron street,0,2.4,1,1
365,3.0,Medium,Brick,0,80000.0,100.0,Tashkent region,Mirzo-Ulugbek district,Kumyshkanskoye highway,1,6.0,1,1
366,4.0,Author's design,Brick,1,800000.0,200.0,Tashkent city,Mirzo-Ulugbek district,Makhalinsky gathering of citizens Shakhriabad,1,12.0,2,2
367,4.0,Euro renovation,Brick,1,140000.0,115.0,Tashkent city,Mirzo-Ulugbek district,Sokin street,1,5.0,2,2
368,4.0,Requires repairs,Other,1,205000.0,100.0,Tashkent city,Mirzo-Ulugbek district,4-road Darvozakent,1,3.45,1,1
369,5.0,Medium,Brick,0,200000.0,300.0,Tashkent city,Mirzo-Ulugbek district,Genghisa Aitmatova Street,1,2.0,2,2
370,3.0,Euro renovation,Block,1,170000.0,105.0,Tashkent city,Mirzo-Ulugbek district,Childituron street,0,2.4,1,1
371,4.0,Euro renovation,Brick,0,170000.0,150.0,Tashkent region,New Tashkent district,"the JSON object must be str, bytes or bytearray, not NoneType",1,6.0,2,2
372,6.0,Medium,Brick,1,110000.0,141.0,Tashkent region,City village Kibriy,Kibriy Street,1,11.0,1,1
373,6.0,Requires repairs,Other,0,84000.0,400.0,Samarkand region,Mirzo-Ulugbek district,"the JSON object must be str, bytes or bytearray, not NoneType",1,11.0,1,1
374,4.0,Euro renovation,Brick,0,42000.0,60.0,Tashkent city,Mirzo-Ulugbek district,Heydar Aliyeva street,1,1.0,1,1
375,4.0,Author's design,Brick,0,83000.0,1.0,Tashkent city,Mirabad district,Sarykul Street,1,2.0,1,1
376,4.0,Author's design,Brick,1,300465.84,200.0,Tashkent city,Sergeli district,Massive Kuruvchi,1,5.0,2,2
377,4.0,Author's design,Brick,1,300465.84,200.0,Tashkent city,Mirzo-Ulugbek district,Massive Kuruvchi,1,5.0,2,2
378,4.0,Euro renovation,Brick,0,55000.0,46.0,Tashkent city,Yashnobodsky district,Makhalinsky gathering of citizens Shirinobod,1,1.0,1,1
379,4.0,Medium,Brick,0,97000.0,150.0,Tashkent city,Mirzo-Ulugbek district,Makhzuna street,0,2.5,1,1
380,4.0,Requires repairs,Brick,0,156000.0,65.0,Tashkent city,Orthodpinsky district,Avenue Ramadan,1,12.0,1,1
381,4.0,Euro renovation,Brick,0,53000.0,60.0,Tashkent city,Mirzo-Ulugbek district,Mukhtar Ashrafi Street,0,1.0,1,1
382,4.0,Euro renovation,Brick,0,45000.0,46.0,Tashkent city,Mirzo-Ulugbek district,Makhalinsky gathering of citizens Shirinobod,1,1.0,1,1
383,3.0,Euro renovation,Block,1,170000.0,105.0,Tashkent city,Mirzo-Ulugbek district,Childituron street,0,2.4,1,1
384,4.0,Euro renovation,Brick,0,53000.0,60.0,Tashkent city,Yashnobodsky district,Mukhtar Ashrafi Street,0,1.0,1,1
385,4.0,Euro renovation,Brick,0,45000.0,46.0,Tashkent city,Mirzo-Ulugbek district,Street Uysozlar,1,1.0,1,1
386,4.0,Euro renovation,Brick,0,148000.0,120.0,Tashkent city,Mirzo-Ulugbek district,Street Fayziabad,1,1.3,2,2
387,4.0,Medium,Brick,0,99999.0,90.0,Tashkent city,Mirzo-Ulugbek district,Heydar Aliyeva street,1,2.1,1,1
388,2.0,Medium,Brick,0,89700.0,60.0,Tashkent city,Mirabad district,Savr street,1,1.6,1,1
389,4.0,Author's design,Brick,1,300465.84,200.0,Tashkent city,Mirzo-Ulugbek district,Massive Kuruvchi,1,5.0,2,2
390,4.0,Euro renovation,Brick,0,57000.0,60.0,Tashkent city,Mirabad district,Heydar Aliyeva street,1,1.0,1,1
391,4.0,Euro renovation,Brick,0,105000.0,100.0,Tashkent city,Mirzo-Ulugbek district,Abdurafa Fitrate street,0,1.0,2,2
392,4.0,Euro renovation,Brick,0,120000.0,100.0,Tashkent city,Mirzo-Ulugbek district,Abu Suleiman Banokati Street,1,1.0,2,2
393,4.0,Euro renovation,Brick,0,85500.0,80.0,Tashkent city,Mirzo-Ulugbek district,The dead end of Fargon Yuli,1,1.0,2,2
394,4.0,Euro renovation,Brick,0,118000.0,120.0,Tashkent city,Mirzo-Ulugbek district,Abdurafa Fitrate street,0,1.0,2,2
395,4.0,Author's design,Brick,1,300465.84,200.0,Tashkent city,Mirzo-Ulugbek district,Massive Kuruvchi,1,5.0,2,2
396,6.0,Rough finishing,Brick,0,570000.0,500.0,Tashkent city,Mirzo-Ulugbek district,"the JSON object must be str, bytes or bytearray, not NoneType",1,8.5,4,4
397,4.0,Euro renovation,Brick,0,315000.0,400.0,Tashkent city,Mirzo-Ulugbek district,Mirza Tursunzade Street,1,3.0,3,3
398,4.0,Euro renovation,Brick,0,280000.0,300.0,Tashkent city,Yangikhayat district,Street Marcasius Shifokhon,1,6.0,1,1
399,4.0,Euro renovation,Brick,0,360000.0,315.0,Tashkent city,Mirzo-Ulugbek district,Makhalinsky gathering of citizens by Oltins,1,7.0,1,1
400,4.0,Euro renovation,Brick,0,180000.0,180.0,Tashkent city,Mirzo-Ulugbek district,Samarkand Darvoza Street,1,1.2,2,2
401,3.0,Euro renovation,Block,1,170000.0,105.0,Tashkent city,Mirzo-Ulugbek district,Childituron street,0,2.4,1,1
402,4.0,Author's design,Brick,1,300465.84,200.0,Tashkent city,Sergeli district,Massive Kuruvchi,1,5.0,2,2
403,4.0,Euro renovation,Brick,0,78000.0,70.0,Tashkent city,Mirzo-Ulugbek district,Badriddin Khiloli Street,1,1.0,1,1
404,5.0,Medium,Brick,0,560000.0,100.0,Tashkent city,Almazar district,Chukursai street,1,14.0,1,1
405,6.0,Medium,Brick,0,650000.0,322.0,Tashkent city,Yakkasarai district,Shamsiddin Kulala Street,1,8.0,2,2
406,4.0,Author's design,Brick,0,2000000.0,200.0,Tashkent city,City village Kibriy,Alisher Navoi Street,1,27.0,3,3
407,5.0,Medium,Brick,0,78000.0,120.0,Tashkent city,Mirzo-Ulugbek district,Massive Kuruvchi,1,2.5,1,1
408,3.0,Euro renovation,Block,1,170000.0,105.0,Tashkent city,Mirzo-Ulugbek district,Childituron street,0,2.4,1,1
409,6.0,Rough finishing,Brick,0,138000.0,600.0,Tashkent city,Mirzo-Ulugbek district,"the JSON object must be str, bytes or bytearray, not NoneType",1,6.0,2,2
410,5.0,Medium,Brick,0,200000.0,200.0,Tashkent city,Mirzo-Ulugbek district,2nd passage of Sarbon,1,5.0,1,1
411,4.0,Euro renovation,Brick,0,220000.0,240.0,Tashkent city,Mirzo-Ulugbek district,Mazhnuntol Street,1,6.0,1,1
412,2.0,Requires repairs,Brick,1,112000.0,240.0,Tashkent city,Mirzo-Ulugbek district,Abdulgazy Bakhadyrshan Street,1,2.4,1,1
413,4.0,Euro renovation,Brick,0,350000.0,850.0,Tashkent city,Mirzo-Ulugbek district,Limonzor street,1,6.5,2,2
414,4.0,Author's design,Brick,1,300465.84,200.0,Tashkent city,Mirzo-Ulugbek district,Massive Kuruvchi,1,5.0,2,2
415,4.0,Euro renovation,Brick,0,350000.0,325.0,Tashkent city,Mirzo-Ulugbek district,Mahalla Minor,1,4.0,2,2
416,6.0,Medium,Other,1,300000.0,400.0,Tashkent city,Mirzo-Ulugbek district,Makhalinsky gathering Chimbai citizens,1,6.0,1,1
417,4.0,Euro renovation,Brick,1,185000.0,250.0,Tashkent city,Mirzo-Ulugbek district,3rd passage of Shahriston,1,1.8,2,2
418,2.0,Medium,Brick,0,31500.0,100.0,Tashkent city,Mirzo-Ulugbek district,Street Parkent,1,6.0,1,1
419,6.0,Medium,Brick,0,160000.0,413.0,Tashkent city,Mirzo-Ulugbek district,Small ring road,1,4.0,1,1
420,4.0,Author's design,Brick,1,300465.84,200.0,Tashkent city,Mirzo-Ulugbek district,Massive Kuruvchi,1,5.0,2,2
421,6.0,Medium,Brick,1,160000.0,4.0,Tashkent city,Mirzo-Ulugbek district,Mevazor Street,1,4.0,1,1
422,4.0,Author's design,Brick,1,2500000.0,200.0,Tashkent city,Mirzo-Ulugbek district,Ukori Salor Street,1,12.0,3,3
423,4.0,Euro renovation,Brick,0,68000.0,80.0,Tashkent city,Mirzo-Ulugbek district,Heydar Aliyeva street,1,1.5,1,1
424,4.0,Euro renovation,Brick,0,80000.0,80.0,Tashkent city,Mirzo-Ulugbek district,Heydar Aliyeva street,1,1.2,1,1
425,4.0,Euro renovation,Brick,0,45000.0,40.0,Tashkent city,Mirzo-Ulugbek district,Heydar Aliyeva street,1,1.0,1,1
426,3.0,Euro renovation,Block,1,170000.0,105.0,Tashkent city,Mirzo-Ulugbek district,Childituron street,0,2.4,1,1
427,4.0,Author's design,Brick,1,300465.84,200.0,Tashkent city,Mirzo-Ulugbek district,Massive Kuruvchi,1,5.0,2,2
428,4.0,Euro renovation,Brick,0,120000.0,120.0,Tashkent city,Mirzo-Ulugbek district,Abdurafa Fitrate street,0,1.0,2,2
429,4.0,Euro renovation,Brick,0,33500.0,40.0,Tashkent city,Mirzo-Ulugbek district,Mirza Tursunzade Street,1,1.0,1,1
430,4.0,Euro renovation,Brick,0,34500.0,40.0,Tashkent city,Mirzo-Ulugbek district,Mirza Tursunzade Street,1,1.0,1,1
431,4.0,Rough finishing,Brick,1,110000.0,137.0,Tashkent city,Mirzo-Ulugbek district,Gulobod street,1,5.0,1,1
432,4.0,Euro renovation,Brick,0,23000.0,25.0,Tashkent city,Mirzo-Ulugbek district,Mirza Tursunzade Street,1,1.0,1,1
433,3.0,Euro renovation,Block,1,170000.0,105.0,Tashkent city,Mirzo-Ulugbek district,Childituron street,0,2.4,1,1
434,4.0,Euro renovation,Brick,0,45000.0,40.0,Tashkent city,Mirzo-Ulugbek district,Heydar Aliyeva street,1,1.0,1,1
435,4.0,Euro renovation,Brick,0,80000.0,80.0,Tashkent city,Mirzo-Ulugbek district,Heydar Aliyeva street,1,1.2,1,1
436,4.0,Euro renovation,Brick,0,68000.0,80.0,Tashkent city,Mirzo-Ulugbek district,Heydar Aliyeva street,1,1.5,1,1
437,6.0,Rough finishing,Brick,1,130000.0,100.0,Tashkent region,Mirzo-Ulugbek district,The overtaking of the kochas,1,10.0,2,2
438,4.0,Euro renovation,Brick,0,98999.0,120.0,Tashkent city,Mirzo-Ulugbek district,Akdaryinskaya street,1,3.0,1,1
439,4.0,Author's design,Brick,1,300465.84,200.0,Tashkent city,Mirzo-Ulugbek district,Massive Kuruvchi,1,5.0,2,2
440,4.0,Euro renovation,Brick,0,86000.0,85.0,Tashkent city,Mirzo-Ulugbek district,Ferghana Yuli,1,1.1,2,2
441,4.0,Euro renovation,Brick,0,146000.0,110.0,Tashkent city,Mirzo-Ulugbek district,1st passage of Mirza Jahangira,1,1.5,2,2
442,4.0,Euro renovation,Brick,1,2000000.0,400.0,Tashkent city,Mirzo-Ulugbek district,Shurtep Street,1,8.0,3,3
443,4.0,Euro renovation,Brick,0,195000.0,200.0,Tashkent city,Mirzo-Ulugbek district,Kizgaldok Street,1,2.3,2,2
444,5.0,Medium,Brick,1,230000.0,533.0,Tashkent city,Mirzo-Ulugbek district,Street Chinabad,1,5.33,1,1
445,4.0,Author's design,Brick,1,300465.84,200.0,Tashkent city,Mirzo-Ulugbek district,Massive Kuruvchi,1,5.0,2,2
446,4.0,Euro renovation,Brick,1,549000.0,300.0,Tashkent city,Mirzo-Ulugbek district,Tulpor Street,1,4.03,3,3
447,4.0,Euro renovation,Brick,0,146000.0,110.0,Tashkent city,Mirzo-Ulugbek district,1st passage of Mirza Jahangira,1,1.5,2,2
448,4.0,Author's design,Brick,1,580000.0,450.0,Tashkent city,Mirzo-Ulugbek district,The dead end of the saram,1,3.2,3,3
449,6.0,Medium,Brick,0,160000.0,200.0,Tashkent city,Mirzo-Ulugbek district,Mevazor Street,1,4.13,1,1
450,4.0,Author's design,Brick,1,77900.0,110.0,Tashkent city,Mirzo-Ulugbek district,Mustakillik Street,1,2.0,1,1
451,3.0,Euro renovation,Block,1,170000.0,105.0,Tashkent city,Mirzo-Ulugbek district,Childituron street,0,2.4,1,1
452,4.0,Author's design,Brick,1,300465.84,200.0,Tashkent city,Mirzo-Ulugbek district,Massive Kuruvchi,1,5.0,2,2
453,4.0,Euro renovation,Brick,0,85500.0,80.0,Tashkent city,Mirzo-Ulugbek district,3rd passage of Fargon Yuli,1,1.0,2,2
454,4.0,Euro renovation,Brick,0,118000.0,120.0,Tashkent city,Mirzo-Ulugbek district,Abdurafa Fitrate street,0,1.0,2,2
455,4.0,Euro renovation,Brick,0,42000.0,60.0,Tashkent city,Mirzo-Ulugbek district,Heydar Aliyeva street,1,1.0,1,1
456,6.0,Rough finishing,Brick,1,155000.0,390.0,Tashkent city,Mirzo-Ulugbek district,Bekvachchi Street,1,2.6,2,2
457,4.0,Author's design,Brick,0,83000.0,1.0,Tashkent city,Mirzo-Ulugbek district,Sarykul Street,1,2.0,1,1
458,3.0,Euro renovation,Block,1,170000.0,105.0,Tashkent city,Mirzo-Ulugbek district,Childituron street,0,2.4,1,1
459,4.0,Euro renovation,Brick,0,73000.0,1.0,Tashkent city,Mirzo-Ulugbek district,Makhalinsky gathering of citizens Shirinobod,1,1.3,1,1
460,4.0,Medium,Brick,0,76000.0,1.0,Tashkent city,Mirzo-Ulugbek district,Makhalinsky gathering citizens,1,1.5,1,1
461,4.0,Euro renovation,Brick,0,72000.0,70.0,Tashkent city,Mirzo-Ulugbek district,Heydar Aliyeva street,1,1.0,1,1
462,4.0,Euro renovation,Brick,0,36200.0,48.0,Tashkent city,Mirzo-Ulugbek district,Heydar Aliyeva street,1,1.0,1,1
463,3.0,Medium,Brick,0,84900.0,1.0,Tashkent city,Mirzo-Ulugbek district,Ulyana Street,1,6.0,1,1
464,4.0,Author's design,Brick,1,300465.84,200.0,Tashkent city,Mirzo-Ulugbek district,Massive Kuruvchi,1,5.0,2,2
465,4.0,Euro renovation,Brick,0,23000.0,18.0,Tashkent city,Mirzo-Ulugbek district,Makhzuna street,0,1.0,1,1
466,4.0,Euro renovation,Brick,0,33500.0,36.0,Tashkent city,Mirzo-Ulugbek district,Abdurafa Fitrate street,0,1.0,1,1
467,4.0,Euro renovation,Brick,0,140000.0,150.0,Tashkent city,Mirzo-Ulugbek district,Ferghana Yuli,1,1.6,2,2
468,4.0,Euro renovation,Brick,0,105000.0,150.0,Tashkent city,Mirzo-Ulugbek district,Makhalinsky gathering of citizens Olmos,1,1.5,2,2
469,4.0,Euro renovation,Brick,0,105000.0,200.0,Tashkent city,Mirzo-Ulugbek district,Mukhtar Ashrafi Street,0,1.0,2,2
470,4.0,Author's design,Brick,1,300465.84,200.0,Tashkent city,Mirzo-Ulugbek district,Massive Kuruvchi,1,5.0,2,2
471,4.0,Euro renovation,Brick,0,58200.0,80.0,Tashkent city,Mirzo-Ulugbek district,Mukhtar Ashrafi Street,0,1.0,2,2
472,4.0,Euro renovation,Brick,0,48500.0,1.0,Tashkent city,Mirzo-Ulugbek district,Mukhtar Ashrafi Street,0,1.0,1,1
473,4.0,Euro renovation,Brick,0,70000.0,70.0,Tashkent city,Mirzo-Ulugbek district,Makhzuna street,0,1.0,2,2
474,4.0,Euro renovation,Brick,0,80000.0,90.0,Tashkent city,Mirzo-Ulugbek district,Makhzuna street,0,1.8,1,1
475,4.0,Euro renovation,Brick,0,38000.0,45.0,Tashkent city,Mirzo-Ulugbek district,Makhalinsky gathering of citizens Shirinobod,1,1.0,1,1
476,3.0,Euro renovation,Block,1,170000.0,105.0,Tashkent city,Mirzo-Ulugbek district,Childituron street,0,2.4,1,1
477,4.0,Author's design,Brick,1,300465.84,200.0,Tashkent city,Mirzo-Ulugbek district,Massive Kuruvchi,1,5.0,2,2
478,6.0,Requires repairs,Brick,0,145000.0,300.0,Tashkent region,Mirzo-Ulugbek district,Karamurt Street,1,3.0,3,3
479,5.0,Requires repairs,Brick,1,150000.0,400.0,Tashkent city,Mirzo-Ulugbek district,Durmon street,1,2.0,3,3
480,4.0,Medium,Brick,1,107000.0,150.0,Tashkent city,Mirzo-Ulugbek district,Ok Ui Street,1,3.6,1,1
481,4.0,Author's design,Brick,0,880000.0,820.0,Tashkent city,Mirzo-Ulugbek district,3rd passage Namangan,1,6.0,2,2
482,4.0,Medium,Brick,0,219899.0,120.0,Tashkent city,Mirzo-Ulugbek district,Pilla Street,1,6.0,1,1
483,3.0,Euro renovation,Block,1,170000.0,105.0,Tashkent city,Mirzo-Ulugbek district,Childituron street,0,2.4,1,1
484,4.0,Euro renovation,Brick,1,65000.0,80.0,Tashkent city,Yakkasarai district,2nd passage of the Mirobod,1,5.0,2,2
485,4.0,Euro renovation,Brick,0,120000.0,100.0,Tashkent city,Mirzo-Ulugbek district,Makhalinsky gathering citizens,1,1.0,2,2
486,4.0,Euro renovation,Brick,0,55000.0,46.0,Tashkent city,Mirzo-Ulugbek district,Makhalinsky gathering of citizens Shirinobod,1,1.0,1,1
487,4.0,Medium,Brick,0,97000.0,150.0,Tashkent city,Mirzo-Ulugbek district,Makhzuna street,0,2.5,1,1
488,4.0,Euro renovation,Brick,0,53000.0,60.0,Tashkent city,Mirzo-Ulugbek district,Mukhtar Ashrafi Street,0,1.0,1,1
489,4.0,Author's design,Brick,1,300465.84,200.0,Tashkent city,Mirzo-Ulugbek district,Massive Kuruvchi,1,5.0,2,2
490,4.0,Euro renovation,Brick,0,45000.0,46.0,Tashkent city,Mirzo-Ulugbek district,Makhalinsky gathering of citizens Shirinobod,1,1.0,1,1
491,4.0,Euro renovation,Brick,0,53000.0,60.0,Tashkent city,Mirzo-Ulugbek district,Mukhtar Ashrafi Street,0,1.0,1,1
492,4.0,Euro renovation,Brick,0,55000.0,55.0,Tashkent city,Mirabad district,Makhalinsky gathering citizens,1,1.0,1,1
493,4.0,Euro renovation,Brick,0,45000.0,46.0,Tashkent city,Mirzo-Ulugbek district,Street Uysozlar,1,1.0,1,1
494,4.0,Euro renovation,Brick,0,148000.0,120.0,Tashkent city,Mirabad district,Street Fayziabad,1,1.3,2,2
495,4.0,Author's design,Brick,1,300465.84,200.0,Tashkent city,Mirzo-Ulugbek district,Massive Kuruvchi,1,5.0,2,2
496,4.0,Author's design,Brick,0,99999.0,90.0,Tashkent city,Mirzo-Ulugbek district,Heydar Aliyeva street,1,2.1,1,1
497,2.0,Medium,Brick,0,89700.0,60.0,Tashkent city,Mirzo-Ulugbek district,Savr street,1,1.6,1,1
498,4.0,Euro renovation,Brick,0,57000.0,60.0,Tashkent city,Mirzo-Ulugbek district,Heydar Aliyeva street,1,1.0,1,1
499,4.0,Euro renovation,Brick,0,105000.0,100.0,Tashkent city,Mirabad district,Abdurafa Fitrate street,0,1.0,2,2
500,4.0,Euro renovation,Brick,0,120000.0,100.0,Tashkent city,Mirabad district,Abu Suleiman Banokati Street,1,1.0,2,2
501,3.0,Euro renovation,Block,1,170000.0,105.0,Tashkent city,Mirzo-Ulugbek district,Childituron street,0,2.4,1,1
