Unnamed: 0,Square,Price,Room,Floor,Building floor,Renovation,Material,Address,Lift,Bathroom,Washing machine,TV,Microwave oven,Playground,Furniture,Refrigerator,Air conditioner,Wifi,Cable,Security,Video surveillance,Parking space,Latitude,Longitude
0,60.08,61000,2,2,9,Требует ремонта,Панельный,"город Ташкент, Яшнободский район, махаллинский сход граждан Истиклол",1,0,0,0,0,0,0,0,0,0,0,0,0,0,69.328048,69.328048
1,95,80000,4,5,9,Евроремонт,Панельный,"город Ташкент, Сергелийский район, махаллинский сход граждан Эзгулик",1,1,0,0,0,1,1,0,1,1,1,0,0,1,69.21751,69.21751
2,37.9,55000,1,8,9,Евроремонт,Другое,"город Ташкент, Яшнободский район, жилой комплекс Assalom! Sohil, Фергана Йули",1,0,0,0,0,1,1,1,0,1,1,1,1,1,69.312462,69.312462
3,37,66000,1,2,5,Евроремонт,Кирпичный,"город Ташкент, Чиланзарский район, квартал Е, улица Мукими",0,0,0,0,0,0,0,0,0,0,0,0,0,0,69.231587,69.231587
4,127,206000,4,2,5,Средний,Кирпичный,"город Ташкент, Яшнободский район, махаллинский сход граждан Туйтепа, 1-й проезд Садыка Азимова",0,0,0,0,0,0,0,0,0,0,0,0,0,0,69.292654,69.292654
5,60,82000,2,4,5,Евроремонт,Кирпичный,"город Ташкент, Шайхантахурский район, массив Актепа",0,0,0,0,0,0,0,0,0,0,0,0,0,0,69.21098,69.21098
6,115,105000,5,5,5,Авторский проект,Другое,"город Ташкент, Мирзо-Улугбекский район, массив Ахмада Югнаки",0,1,1,0,1,1,1,1,1,1,0,0,0,1,69.386223,69.386223
7,68,69000,3,2,4,Средний,Панельный,"город Ташкент, Юнусабадский район, махаллинский сход граждан Ахмад Дониш",0,0,0,0,0,0,0,0,0,0,0,0,0,0,69.278165,69.278165
8,74,128000,3,3,9,Евроремонт,Панельный,"город Ташкент, Мирзо-Улугбекский район, махаллинский сход граждан Шахрисабз, улица Шахрисабз",1,0,0,0,0,0,0,0,0,0,0,0,0,0,69.276476,69.276476
9,115,140000,5,6,9,Средний,Панельный,"город Ташкент, Яккасарайский район, махаллинский сход граждан Шахжахан, улица Шох-Жахон",1,0,0,0,0,0,0,0,0,0,0,0,0,0,69.245475,69.245475
10,27,55000,1,1,4,Евроремонт,Кирпичный,"город Ташкент, Чиланзарский район, 1-й квартал, улица Лабихавуз",0,0,0,0,0,0,0,0,0,0,0,0,0,0,69.228766,69.228766
11,42,42000,1,9,12,Черновая отделка,Блочный,"город Ташкент, Яшнободский район, махаллинский сход граждан Олмос, 1-й тупик Бахт Кули",1,0,0,0,0,1,0,0,0,0,0,1,1,0,69.368661,69.368661
12,3,113000,4,6,9,Евроремонт,Панельный,"город Ташкент, Шайхантахурский район, массив Хадра",1,1,1,1,1,1,1,1,1,1,1,0,1,1,69.2494,69.2494
13,45,74000,2,3,4,Евроремонт,Панельный,"город Ташкент, Чиланзарский район, 2-й квартал",0,0,0,0,0,0,0,0,0,0,0,0,0,0,69.223071,69.223071
14,73,81000,2,4,8,Евроремонт,Кирпичный,"город Ташкент, Мирзо-Улугбекский район, махаллинский сход граждан Гульсанам",1,0,0,0,0,0,0,0,0,0,0,0,0,0,69.373036,69.373036
15,42,48500,1,3,4,Средний,Блочный,"город Ташкент, Юнусабадский район, махаллинский сход граждан Акбарабад",0,0,0,0,0,1,0,0,0,1,1,0,1,0,69.294029,69.294029
16,85,39900,4,1,1,Авторский проект,Кирпичный,"Ташкентская область, Нурафшан",0,0,0,0,0,0,0,0,0,0,0,0,0,0,69.357477,69.357477
17,27,39300,1,1,3,Евроремонт,Кирпичный,"город Ташкент, Мирзо-Улугбекский район, махаллинский сход граждан Навнихол, улица Музрабад",0,0,1,1,1,0,1,1,0,1,0,0,0,0,69.331803,69.331803
18,65,68000,3,8,9,Средний,Кирпичный,"город Ташкент, Мирзо-Улугбекский район, махаллинский сход граждан Азамат",1,0,0,0,0,0,0,0,0,0,0,0,0,0,69.388846,69.388846
19,28,49000,1,3,5,Евроремонт,Кирпичный,"город Ташкент, Мирзо-Улугбекский район, махаллинский сход граждан Богимайдан",0,0,0,0,0,0,0,0,0,0,0,0,0,0,69.348215,69.348215
20,78,80500,3,3,5,Авторский проект,Панельный,"город Ташкент, Юнусабадский район, махаллинский сход граждан Юнус Ата",0,0,0,0,0,0,0,0,0,0,0,0,0,0,69.300443,69.300443
21,50,83000,2,3,4,Евроремонт,Кирпичный,"город Ташкент, Юнусабадский район, массив Минор",0,0,1,1,0,0,1,1,1,0,0,0,0,0,69.279755,69.279755
22,68,62000,3,2,5,Требует ремонта,Кирпичный,"город Ташкент, Мирабадский район, махаллинский сход граждан Карасу, улица Абдурауфа Фитрата",0,0,0,0,0,0,0,0,0,0,0,0,0,0,69.295718,69.295718
23,67,68000,3,4,4,Средний,Панельный,"город Ташкент, Учтепинский район, махаллинский сход граждан Кухна-Чапаната",0,0,0,0,0,0,0,0,0,0,0,0,0,0,69.185701,69.185701
24,70,86000,3,2,5,Средний,Кирпичный,"город Ташкент, Мирзо-Улугбекский район, массив Буз-2, улица Узумзор",0,0,0,0,0,0,0,0,0,0,0,0,0,0,69.355545,69.355545
25,45,79900,2,2,4,Евроремонт,Панельный,"город Ташкент, Чиланзарский район, махаллинский сход граждан Дилабад",0,0,0,0,0,0,0,0,0,0,0,0,0,0,69.210396,69.210396
26,30,41500,1,1,4,Авторский проект,Панельный,"город Ташкент, Учтепинский район, 22-й квартал",0,0,0,0,0,1,0,0,0,0,0,0,0,0,69.168876,69.168876
27,93.08,104000,4,2,9,Средний,Панельный,"город Ташкент, Юнусабадский район, махаллинский сход граждан Халкабог",1,0,1,1,0,1,1,1,1,1,0,1,1,0,69.300946,69.300946
28,28,33000,1,3,4,Евроремонт,Кирпичный,"город Ташкент, Мирзо-Улугбекский район, махаллинский сход граждан Шалола, 2-й проезд Хирот",0,0,0,0,0,1,1,1,0,1,0,0,0,1,69.36522,69.36522
29,83,165000,2,3,10,Евроремонт,Другое,"город Ташкент, Юнусабадский район, махаллинский сход граждан Буюк Туран, проспект Амира Темура",1,0,0,0,0,0,0,0,0,0,0,0,0,0,69.287049,69.287049
30,65,173000,2,6,12,Черновая отделка,Другое,"город Ташкент, Яшнободский район, махаллинский сход граждан Туйтепа, улица Садыка Азимова",1,0,0,0,0,0,0,0,0,0,0,0,0,0,69.28898,69.28898
31,29,37000,1,9,16,Черновая отделка,Блочный,"город Ташкент, Мирзо-Улугбекский район, Assalom Bog'lar TJM",1,0,0,0,0,0,0,0,0,0,0,0,0,0,69.326916,69.326916
32,25,28500,1,1,3,Авторский проект,Кирпичный,"город Ташкент, Мирзо-Улугбекский район, 4-й квартал",0,0,0,0,0,0,0,0,0,0,0,0,0,0,69.390014,69.390014
33,54,39000,1,12,12,Требует ремонта,Монолитный,"город Ташкент, Чиланзарский район, махаллинский сход граждан Бек-Тупи, улица Сугалли-ота",1,0,0,0,0,0,0,0,0,0,0,0,0,0,69.17528,69.17528
34,41,67000,2,3,4,Авторский проект,Панельный,"город Ташкент, Чиланзарский район, махаллинский сход граждан Катта Чиланзар-3",0,0,0,0,0,0,0,0,0,0,0,0,0,0,69.222954,69.222954
35,56,52000,1,7,10,Черновая отделка,Кирпичный,"город Ташкент, Сергелийский район, массив Сергели-VIа",1,0,0,0,0,1,0,0,0,0,0,0,0,1,69.210737,69.210737
36,50,59000,2,4,4,Средний,Панельный,"город Ташкент, Чиланзарский район, махаллинский сход граждан Нафосат",0,0,0,0,0,0,0,0,0,0,0,0,0,0,69.204422,69.204422
37,19,27500,1,5,5,Евроремонт,Кирпичный,"город Ташкент, Яккасарайский район, махаллинский сход граждан Дилбулак, улица Кушбеги",0,0,0,0,0,0,0,0,0,0,0,0,0,0,69.245466,69.245466
38,78,89500,3,1,4,Евроремонт,Другое,"город Ташкент, Алмазарский район, массив Олимпия",0,1,1,1,1,1,1,1,1,1,1,0,0,1,69.194918,69.194918
39,76,89000,2,9,9,Средний,Блочный,"город Ташкент, Юнусабадский район, махаллинский сход граждан Кашгар, улица Буюк Турон",1,0,0,0,0,0,0,0,0,0,0,0,0,0,69.270098,69.270098
40,52,58000,1,9,9,Требует ремонта,Монолитный,"город Ташкент, Мирабадский район, махаллинский сход граждан Мирабад, улица Нукус",1,0,0,0,0,0,0,0,0,0,0,0,0,0,69.274194,69.274194
41,60,62000,2,5,9,Евроремонт,Монолитный,"город Ташкент, Чиланзарский район, махаллинский сход граждан Кизил-Шарк",1,0,0,0,0,0,0,0,0,0,0,0,0,0,69.165803,69.165803
42,180,218000,5,2,5,Требует ремонта,Кирпичный,"город Ташкент, Шайхантахурский район, массив Бешагач",0,0,0,0,0,0,0,0,0,0,0,0,0,0,69.236761,69.236761
43,74,80500,3,4,5,Средний,Кирпичный,"город Ташкент, Чиланзарский район, махаллинский сход граждан Лутфий, улица Лутфий",0,0,0,0,0,0,0,0,0,0,0,0,0,0,69.188216,69.188216
44,113,130000,3,4,4,Средний,Кирпичный,"город Ташкент, Мирзо-Улугбекский район, махаллинский сход граждан Сайрам, улица Сайрам",0,1,1,1,0,0,1,1,0,0,0,0,0,0,69.32441,69.32441
45,42,52000,1,1,4,Авторский проект,Кирпичный,"город Ташкент, Яшнободский район, махаллинский сход граждан Куксарой, 1-й проезд Алимкент",0,0,0,0,0,0,1,0,0,1,0,1,1,1,69.333438,69.333438
46,30,48800,1,2,4,Евроремонт,Панельный,"город Ташкент, Чиланзарский район, махаллинский сход граждан Ак-Тепа",0,0,0,0,0,0,0,0,0,0,0,0,0,0,69.184192,69.184192
47,38,49350,1,3,4,Евроремонт,Панельный,"город Ташкент, Чиланзарский район, махаллинский сход граждан Яккатут",0,1,1,1,0,1,1,1,1,1,1,0,0,1,69.183258,69.183258
48,72,76000,4,4,4,Средний,Кирпичный,"город Ташкент, Яшнободский район, квартал Авиасозлар, 4-й проезд Авиасозлар",0,1,0,0,0,1,0,0,0,1,1,0,0,1,69.34384,69.34384
49,73,75000,3,1,9,Евроремонт,Монолитный,"город Ташкент, Учтепинский район, махаллинский сход граждан Ватан",1,0,0,0,0,0,0,0,0,0,0,0,0,0,69.175846,69.175846
50,82,115000,3,4,4,Евроремонт,Кирпичный,"город Ташкент, Мирабадский район, махаллинский сход граждан Мингурик, улица Тараса Шевченко",1,0,1,1,1,1,1,1,1,1,1,0,0,1,69.278964,69.278964
51,55,83999,2,6,9,Евроремонт,Кирпичный,"город Ташкент, Чиланзарский район, махаллинский сход граждан Бешчинар",1,1,1,1,0,1,1,1,1,1,1,1,0,1,69.217214,69.217214
52,87,85000,4,3,4,Средний,Кирпичный,"город Ташкент, Алмазарский район, махаллинский сход граждан Шодиёна",0,0,0,0,0,0,0,0,0,0,0,0,0,0,69.20965,69.20965
53,60,67800,2,2,9,Евроремонт,Монолитный,"город Ташкент, Юнусабадский район, 12-й квартал, 7-й проезд Кулолкургон",1,0,0,0,0,0,0,0,0,0,0,0,0,0,69.293535,69.293535
54,63,80000,3,2,5,Средний,Панельный,"город Ташкент, Чиланзарский район, квартал Ц, улица Мехр",0,0,0,0,0,0,0,0,0,0,0,0,0,0,69.204898,69.204898
55,82,81000,3,2,8,Черновая отделка,Кирпичный,"город Ташкент, Яшнободский район, махаллинский сход граждан Семург, улица Паркент",1,0,0,0,0,0,0,0,0,0,0,0,0,0,69.323134,69.323134
56,34,68500,1,3,8,Евроремонт,Кирпичный,"город Ташкент, Яккасарайский район, махаллинский сход граждан Дилбулак, улица Шота Руставели",1,0,0,0,0,0,0,0,0,0,0,0,0,0,69.241935,69.241935
57,50,69555,2,3,4,Евроремонт,Панельный,"город Ташкент, Чиланзарский район, махаллинский сход граждан Кичик Хирмантепа",0,0,0,0,0,0,0,0,0,0,0,0,0,0,69.181173,69.181173
58,80,310000,3,4,11,Евроремонт,Блочный,"город Ташкент, Мирабадский район, жилой комплекс Mirabad Avenue, 2-й проезд Катта Миробод",1,0,0,0,0,0,0,0,0,0,0,0,0,0,69.271589,69.271589
59,45,60000,2,3,4,Требует ремонта,Панельный,"город Ташкент, Чиланзарский район, махаллинский сход граждан Катта Чиланзар-2, улица Арнасай",0,0,0,0,0,0,0,0,0,0,0,0,0,0,69.224661,69.224661
60,228,230000,5,9,10,Черновая отделка,Кирпичный,"город Ташкент, Юнусабадский район, махаллинский сход граждан Минор",1,0,0,0,0,0,0,0,0,0,0,0,0,0,69.279934,69.279934
61,45,85000,2,6,9,Евроремонт,Кирпичный,"город Ташкент, Яккасарайский район, махаллинский сход граждан Богсарай, улица Мирабад",1,0,0,0,0,0,0,0,0,0,0,0,0,0,69.268553,69.268553
62,53,56000,2,3,4,Средний,Панельный,"город Ташкент, Учтепинский район, махаллинский сход граждан Багабад",0,1,0,0,0,1,1,0,0,1,1,0,0,1,69.181578,69.181578
63,109,215000,3,7,10,Евроремонт,Кирпичный,"город Ташкент, Яккасарайский район, жилой комплекс Милано",1,0,0,0,0,0,0,0,0,0,0,0,0,0,69.253766,69.253766
64,140,270000,4,6,10,Евроремонт,Кирпичный,"город Ташкент, Чиланзарский район, махаллинский сход граждан Чиланзар, улица Мукими",1,0,0,0,0,0,0,0,0,0,0,0,0,0,69.231587,69.231587
65,99,220000,4,4,11,Евроремонт,Кирпичный,"город Ташкент, Мирзо-Улугбекский район, махаллинский сход граждан Аккурган, улица Урицкого",1,0,0,0,0,0,0,0,0,0,0,0,0,0,69.298826,69.298826
66,173,480000,4,4,8,Евроремонт,Кирпичный,"город Ташкент, Мирабадский район, махаллинский сход граждан Лолазар, улица Айбека",1,0,0,0,0,0,0,0,0,0,0,0,0,0,69.278138,69.278138
67,65,108000,2,4,4,Евроремонт,Кирпичный,"город Ташкент, Яккасарайский район, махаллинский сход граждан Юнус Раджаби, улица Богсарой",0,0,0,0,0,0,0,0,0,0,0,0,0,0,69.261474,69.261474
68,51,81000,2,3,9,Евроремонт,Кирпичный,"город Ташкент, Мирзо-Улугбекский район, массив Буз-1, проезд Каландар",1,0,0,0,0,0,0,0,0,0,0,0,0,0,69.328767,69.328767
69,65,105000,2,3,9,Евроремонт,Панельный,"город Ташкент, Мирабадский район, махаллинский сход граждан Афрасиаб, улица Шахрисабз",1,0,0,0,0,0,0,0,0,0,0,0,0,0,69.276476,69.276476
70,57,82000,2,3,4,Средний,Другое,"город Ташкент, Юнусабадский район, махаллинский сход граждан Богиэрам",0,1,0,0,0,0,0,0,0,0,0,0,0,0,69.290795,69.290795
71,112,105000,5,3,5,Средний,Панельный,"город Ташкент, Юнусабадский район, махаллинский сход граждан Бегубор",0,0,0,0,0,0,0,0,0,0,0,0,0,0,69.318158,69.318158
72,76,89000,2,9,9,Средний,Блочный,"город Ташкент, Мирабадский район, махаллинский сход граждан Шараф Рашидов, улица Чимкент",1,0,0,0,0,0,0,0,0,0,0,0,0,0,69.270888,69.270888
73,54,75000,2,2,3,Средний,Кирпичный,"город Ташкент, Яккасарайский район, махаллинский сход граждан Юнус Раджаби, площадь Космонавтов",0,0,0,0,0,0,0,0,0,0,0,0,0,0,69.264546,69.264546
74,1100,150000,5,1,1,Средний,Кирпичный,"город Ташкент, Бектемирский район, Йик-Ата, 2-й проезд улица Фазилат",0,0,0,0,0,0,0,0,0,0,0,0,0,0,69.37803,69.37803
75,125,200000,4,1,5,Евроремонт,Кирпичный,"город Ташкент, Чиланзарский район, махаллинский сход граждан Навбахор, улица Мехр",0,0,0,0,0,0,0,0,0,0,0,0,0,0,69.204898,69.204898
76,70,45000,3,4,4,Средний,Кирпичный,"Ташкентская область, Янгиюль, Самаркандская улица",0,0,0,0,0,0,0,0,0,0,0,0,0,0,69.059137,69.059137
77,30,41250,2,1,4,Евроремонт,Кирпичный,"город Ташкент, Учтепинский район, махаллинский сход граждан Найман",0,1,0,0,0,1,1,0,0,1,1,0,0,1,69.168902,69.168902
78,66,78000,3,3,4,Требует ремонта,Кирпичный,"город Ташкент, Мирзо-Улугбекский район, махаллинский сход граждан Олий Химмат, улица Зиёлилар",0,0,0,0,0,0,0,0,0,0,0,0,0,0,69.322056,69.322056
79,90,169000,4,8,9,Авторский проект,Панельный,"город Ташкент, Мирабадский район, массив Госпитальный",1,1,1,1,1,1,1,1,1,1,1,0,0,0,69.276503,69.276503
80,48,68000,3,2,4,Евроремонт,Панельный,"город Ташкент, Чиланзарский район, махаллинский сход граждан Заркурган, улица Ботирма",0,1,1,1,1,1,1,1,1,1,1,0,1,1,69.198322,69.198322
81,52,58500,2,4,5,Средний,Кирпичный,"город Ташкент, Учтепинский район, 26-й квартал",0,0,0,0,0,0,0,0,0,0,0,0,0,0,69.178694,69.178694
82,57,63000,2,1,4,Требует ремонта,Другое,"город Ташкент, Алмазарский район, махаллинский сход граждан Алтынсай",0,0,0,0,0,0,0,0,0,0,0,0,0,0,69.234911,69.234911
83,38,53500,1,3,4,Евроремонт,Панельный,"город Ташкент, Юнусабадский район, 1-й квартал, проспект Амира Темура",0,1,1,1,0,0,0,1,1,1,0,0,0,0,69.283447,69.283447
84,75,125000,3,3,4,Евроремонт,Другое,"город Ташкент, Яккасарайский район, махаллинский сход граждан Ракат, улица Шота Руставели",0,0,0,1,1,0,1,1,1,0,0,0,0,1,69.241935,69.241935
85,60,135000,2,4,4,Евроремонт,Кирпичный,"город Ташкент, Мирабадский район, махаллинский сход граждан Айбек, улица Шахрисабз",0,0,0,0,0,0,0,0,0,0,0,0,0,0,69.276476,69.276476
86,37,65000,1,4,9,Евроремонт,Блочный,"город Ташкент, Яккасарайский район, махаллинский сход граждан Хамид Сулаймонов, улица Шота Руставели",1,0,0,0,0,0,0,0,0,0,0,0,0,0,69.241935,69.241935
87,112,115000,4,7,9,Средний,Блочный,"город Ташкент, Мирзо-Улугбекский район, махаллинский сход граждан Нур, улица Шастри",1,0,0,0,0,0,0,0,0,0,0,0,0,0,69.291028,69.291028
88,78,79500,3,4,5,Евроремонт,Панельный,"город Ташкент, Юнусабадский район, 10-й квартал",0,1,0,0,0,1,1,0,1,1,1,0,0,0,69.285118,69.285118
89,50,75000,2,3,4,Евроремонт,Кирпичный,"город Ташкент, Юнусабадский район, махаллинский сход граждан Адолат",0,1,1,1,1,1,1,1,1,1,1,1,1,1,69.279386,69.279386
90,50,54500,2,2,4,Требует ремонта,Панельный,"город Ташкент, Юнусабадский район, 7-й квартал",0,0,0,0,0,0,0,0,0,0,0,0,0,0,69.269945,69.269945
91,60,82000,3,4,5,Авторский проект,Кирпичный,"город Ташкент, Чиланзарский район, махаллинский сход граждан Лутфий, площадь Актепа",0,0,1,1,0,1,1,1,1,1,1,0,1,1,69.210908,69.210908
92,33.23,36000,1,2,3,Средний,Кирпичный,"город Ташкент, Яшнободский район, махаллинский сход граждан Ахмад Яссавий, улица Алимкент",0,0,0,0,0,0,0,0,0,0,0,0,0,0,69.330869,69.330869
93,72,82000,2,2,3,Средний,Кирпичный,"город Ташкент, Яшнободский район, махаллинский сход граждан Гузал, улица Гузаль",0,1,1,1,1,1,1,1,1,1,0,0,0,1,69.369092,69.369092
94,65,85000,3,4,5,Евроремонт,Монолитный,"город Ташкент, Чиланзарский район, махаллинский сход граждан Навбахор",0,0,0,0,0,0,0,0,0,0,0,0,0,0,69.204763,69.204763
95,152,215000,3,3,9,Евроремонт,Панельный,"город Ташкент, Мирабадский район, махаллинский сход граждан Айбек, улица Айбека",1,0,0,0,0,0,0,0,0,0,0,0,0,0,69.278138,69.278138
96,64,72000,3,1,3,Евроремонт,Панельный,"город Ташкент, Учтепинский район, 13-й квартал",0,0,0,0,0,0,0,0,0,0,0,0,0,0,69.186231,69.186231
97,126,175000,4,5,6,Черновая отделка,Кирпичный,"город Ташкент, Мирзо-Улугбекский район, махаллинский сход граждан Лашкарбеги, улица Кары-Ниязи",1,0,0,0,0,0,0,0,0,0,0,0,0,0,69.296131,69.296131
98,105,100000,4,10,10,Требует ремонта,Кирпичный,"город Ташкент, Яшнободский район, махаллинский сход граждан Машинасозлар, улица Махтумкули",1,0,0,0,0,0,0,0,0,0,0,0,0,0,69.31018,69.31018
99,75,80000,3,3,4,Средний,Кирпичный,"город Ташкент, Учтепинский район, махаллинский сход граждан Нурабад, улица Маданият",0,1,0,0,0,1,0,0,0,1,1,0,1,1,69.168759,69.168759
100,44,42000,2,5,10,Средний,Блочный,"город Ташкент, Янгихаётский район, махаллинский сход граждан Хушнуд, улица Кипчак",1,1,0,0,0,0,1,0,1,1,0,0,1,0,69.217654,69.217654
101,37,44000,1,2,7,Средний,Монолитный,"город Ташкент, Янгихаётский район, махаллинский сход граждан Янги Чоштепа, улица Узар",1,1,0,1,0,1,1,1,1,1,1,1,1,1,69.185943,69.185943
102,79,77000,3,5,5,Евроремонт,Кирпичный,"город Ташкент, Мирзо-Улугбекский район, махаллинский сход граждан Минглола",0,1,1,1,0,0,1,0,1,0,1,0,0,0,69.355932,69.355932
103,86,92000,4,1,9,Авторский проект,Панельный,"город Ташкент, Яшнободский район, махаллинский сход граждан Яшнобод, улица Лисунова",1,0,0,0,0,0,0,0,0,0,0,0,0,0,69.343176,69.343176
104,47,50200,2,4,4,Требует ремонта,Панельный,"город Ташкент, Чиланзарский район, 8-й квартал",0,0,0,0,0,0,0,0,0,0,0,0,0,0,69.20435,69.20435
105,47,54600,2,2,4,Средний,Панельный,"город Ташкент, Учтепинский район, махаллинский сход граждан Кургантепа",0,0,0,0,0,0,0,0,0,0,0,0,0,0,69.192887,69.192887
106,57,65000,2,4,4,Евроремонт,Другое,"город Ташкент, Сергелийский район, махаллинский сход граждан Нилуфар",0,0,1,1,0,1,1,0,1,0,1,0,0,1,69.223475,69.223475
107,65,78000,3,1,4,Средний,Кирпичный,"город Ташкент, Мирабадский район, махаллинский сход граждан Банокатий, улица Абу Сулеймана Банокати",0,0,0,0,0,0,0,0,0,0,0,0,0,0,69.29057,69.29057
108,82,61000,3,3,14,Требует ремонта,Панельный,"город Ташкент, Сергелийский район, махаллинский сход граждан Янги Сергели",1,1,0,0,0,1,0,0,0,0,0,0,0,0,69.219693,69.219693
109,50,52000,2,4,4,Средний,Панельный,"город Ташкент, Юнусабадский район, 15-й квартал",0,0,0,0,0,0,0,0,0,0,0,0,0,0,69.301386,69.301386
110,75,85000,3,9,9,Авторский проект,Панельный,"город Ташкент, Мирзо-Улугбекский район, махаллинский сход граждан Лашкарбеги, проспект Мустакиллик",1,0,0,0,0,0,0,0,0,0,0,0,0,0,69.298404,69.298404
111,78,78000,3,4,4,Средний,Кирпичный,"город Ташкент, Мирзо-Улугбекский район, махаллинский сход граждан Аль-Фараби, улица Ахмада Югнаки",0,0,1,1,1,1,1,1,1,0,1,0,0,1,69.389906,69.389906
112,92,83000,4,3,5,Средний,Панельный,"город Ташкент, Мирабадский район, махаллинский сход граждан Алтынкуль, улица Абдурауфа Фитрата",0,0,0,0,0,0,0,0,0,0,0,0,0,0,69.295718,69.295718
113,150,170000,4,6,9,Авторский проект,Кирпичный,"город Ташкент, Юнусабадский район, 17-й квартал",1,1,1,1,1,1,1,1,1,1,1,1,1,1,69.310405,69.310405
114,21,28000,1,2,5,Средний,Кирпичный,"город Ташкент, Мирзо-Улугбекский район, махаллинский сход граждан Сайрам, 5-й проезд Сайрам",0,0,0,0,0,0,0,0,0,0,0,0,0,0,69.326647,69.326647
115,51,49000,2,4,4,Требует ремонта,Панельный,"город Ташкент, Юнусабадский район, микрорайон ТашГРЭС",0,0,0,0,0,0,0,0,0,0,0,0,0,0,69.337525,69.337525
116,80,70500,3,5,5,Средний,Панельный,"город Ташкент, Мирабадский район, махаллинский сход граждан Истиклолабад, 5-й проезд Эски-Сарикул",0,0,0,0,0,0,0,0,0,0,0,0,0,0,69.288028,69.288028
117,40,42000,2,2,2,Евроремонт,Кирпичный,"город Ташкент, Мирабадский район, махаллинский сход граждан Карасу, Ферганская улица",0,0,0,0,0,0,0,0,0,0,0,0,0,0,69.3048,69.3048
118,34,40500,1,2,2,Средний,Кирпичный,"город Ташкент, Мирабадский район, махаллинский сход граждан Абдурауф Фитрат, улица Учувчилар",0,0,0,0,0,0,0,0,0,0,0,0,0,0,69.295852,69.295852
119,34,41500,1,3,4,Средний,Кирпичный,"город Ташкент, Мирабадский район, махаллинский сход граждан Навруз, улица Сарыкуль",0,0,0,0,0,0,0,0,0,0,0,0,0,0,69.288639,69.288639
120,39,55000,1,5,9,Евроремонт,Панельный,"город Ташкент, Яшнободский район, жилой комплекс Эльбек",1,0,1,1,1,1,1,1,1,1,0,1,1,1,69.29305,69.29305
121,56.7,57000,2,4,4,Евроремонт,Панельный,"Ташкентская область, городской посёлок Эшангузар, 1-й микрорайон, улица Шарк Юлдузи",0,1,1,1,1,0,1,1,1,1,1,0,0,1,69.151071,69.151071
122,36,60000,1,4,5,Авторский проект,Кирпичный,"Ташкентская область, городской посёлок Кибрай, улица Хамза",0,0,0,0,0,0,0,0,0,0,0,0,0,0,69.458618,69.458618
123,120,120000,5,9,9,Евроремонт,Монолитный,"город Ташкент, Учтепинский район, махаллинский сход граждан Фарход",1,0,0,0,0,0,0,0,0,0,0,0,0,0,65.354269,65.354269
124,70,78800,3,1,4,Средний,Панельный,"город Ташкент, Юнусабадский район, махаллинский сход граждан Богишамол",0,0,1,0,0,0,1,0,1,1,0,0,0,1,69.289187,69.289187
125,116,210000,5,5,9,Евроремонт,Другое,"город Ташкент, Мирзо-Улугбекский район, массив Алай",1,0,0,0,0,0,0,0,0,0,0,0,0,0,69.287462,69.287462
126,62,90000,3,2,4,Евроремонт,Кирпичный,"город Ташкент, Мирзо-Улугбекский район, массив Феруза-1, улица Мирзо Улугбека",0,0,1,1,1,1,1,1,1,1,1,0,0,1,69.335863,69.335863
127,60,74500,2,5,9,Евроремонт,Панельный,"город Ташкент, Юнусабадский район, массив Кашгар",1,0,0,0,0,0,0,0,0,0,0,0,0,0,69.277949,69.277949
128,50,70000,2,1,4,Средний,Кирпичный,"город Ташкент, Мирзо-Улугбекский район, махаллинский сход граждан Тракторсозлар, улица Ульяна",0,0,0,0,0,0,0,0,0,0,0,0,0,0,69.388406,69.388406
129,90,110000,3,5,5,Евроремонт,Кирпичный,"город Ташкент, Яккасарайский район, жилой комплекс Яккасарой палас, улица Бабура",0,0,1,1,1,1,1,1,1,1,0,0,0,0,69.254054,69.254054
130,75,80000,2,9,9,Средний,Панельный,"город Ташкент, Шайхантахурский район, махаллинский сход граждан Олмазор, улица Ислама Каримова",1,0,0,0,0,0,0,0,0,0,0,0,0,0,69.259498,69.259498
131,90,88000,4,4,4,Евроремонт,Кирпичный,"город Ташкент, Юнусабадский район, махаллинский сход граждан Богибустан, улица Богишамол",0,0,0,0,0,0,0,0,0,0,0,0,0,0,69.310001,69.310001
132,110,100000,4,2,4,Средний,Кирпичный,"город Ташкент, Янгихаётский район, 4-й квартал, улица Софдил",0,1,0,0,0,1,1,0,1,1,0,0,0,1,69.231713,69.231713
133,59,195555,2,8,51,Требует ремонта,Блочный,"город Ташкент, Шайхантахурский район, жилой комплекс Nest One, улица Батыра Закирова",1,0,0,0,0,0,0,0,0,0,0,0,0,0,69.254072,69.254072
134,18,24500,1,1,4,Авторский проект,Кирпичный,"город Ташкент, Яшнободский район, махаллинский сход граждан Бойкургон, улица Мирзо Улугбека",0,0,1,0,0,1,1,0,0,1,0,0,0,1,69.315094,69.315094
135,78,76500,3,2,5,Средний,Панельный,"город Ташкент, Юнусабадский район, махаллинский сход граждан Сабирабад",0,0,0,0,0,0,0,0,0,0,0,0,0,0,69.27644,69.27644
136,55,81950,2,6,9,Евроремонт,Кирпичный,"город Ташкент, Чиланзарский район, 5-й квартал",1,1,1,1,0,1,1,1,1,1,1,0,0,1,69.216864,69.216864
137,130,152000,4,8,9,Средний,Панельный,"город Ташкент, Юнусабадский район, массив Минор, Namangan ko'chasi",1,1,1,1,0,0,1,1,1,1,0,0,0,0,69.279755,69.279755
138,42,78000,1,1,5,Евроремонт,Кирпичный,"город Ташкент, Яккасарайский район, махаллинский сход граждан Юнус Ражабий, улица Юнуса Раджаби",0,0,1,1,0,0,1,1,1,1,0,0,0,0,69.259767,69.259767
139,53,92000,2,5,5,Евроремонт,Кирпичный,"город Ташкент, Мирабадский район, махаллинский сход граждан Салор, улица Туркистан",0,0,1,0,0,1,1,0,1,1,0,0,0,1,69.286564,69.286564
140,52,63000,2,2,4,Требует ремонта,Кирпичный,"город Ташкент, Мирзо-Улугбекский район, махаллинский сход граждан Аккурган, улица Аккурган",0,0,0,0,0,0,0,0,0,0,0,0,0,0,69.304701,69.304701
141,38,47000,1,1,5,Требует ремонта,Кирпичный,"город Ташкент, Мирзо-Улугбекский район, махаллинский сход граждан Юзрабат",0,0,0,0,0,1,0,0,0,1,1,0,0,0,69.393275,69.393275
142,54,68000,2,4,4,Средний,Кирпичный,"город Ташкент, Мирзо-Улугбекский район, махаллинский сход граждан Элабад, улица Буюк Ипак Йули",0,0,0,0,0,0,0,0,0,0,0,0,0,0,69.370763,69.370763
143,67,88000,3,2,4,Евроремонт,Кирпичный,"город Ташкент, Мирзо-Улугбекский район, махаллинский сход граждан Шахриабад",0,0,0,0,0,0,0,0,0,0,0,0,0,0,69.340984,69.340984
144,78,69900,3,4,5,Евроремонт,Панельный,"город Ташкент, Яшнободский район, массив Аханграбо, улица Курувчилар",0,1,0,0,0,1,1,0,0,0,1,0,0,1,69.343328,69.343328
145,50,65200,2,2,4,Средний,Панельный,"город Ташкент, Чиланзарский район, махаллинский сход граждан Чиланзар, улица Чиланзар",0,0,0,0,0,0,0,0,0,0,0,0,0,0,69.224661,69.224661
146,33,47300,1,3,4,Евроремонт,Панельный,"город Ташкент, Чиланзарский район, Chilanzar Business City TJM, улица Чиланзар",0,0,0,0,0,0,0,0,0,0,0,0,0,0,69.224661,69.224661
147,92,84000,4,11,12,Евроремонт,Кирпичный,"город Ташкент, Шайхантахурский район, махаллинский сход граждан Самарканд Дарваза, улица Самарканд Дарвоза",1,0,0,0,0,0,0,0,0,0,0,0,0,0,69.22317,69.22317
148,42,44000,2,5,6,Черновая отделка,Кирпичный,"город Ташкент, Яшнободский район, махаллинский сход граждан Джурабек, улица Обишир",1,0,0,0,0,0,0,0,0,0,0,0,0,0,69.311618,69.311618
149,54,70000,2,3,5,Требует ремонта,Кирпичный,"город Ташкент, Мирзо-Улугбекский район, махаллинский сход граждан Бешкапа, улица Буюк Ипак Йули",0,0,0,0,0,0,0,0,0,0,0,0,0,0,69.370763,69.370763
150,46,54500,2,3,4,Средний,Кирпичный,"город Ташкент, Учтепинский район, махаллинский сход граждан Диёрабад",0,0,0,0,0,0,0,0,0,0,0,0,0,0,69.150532,69.150532
151,97,100000,4,2,9,Средний,Монолитный,"город Ташкент, Юнусабадский район, махаллинский сход граждан Уч Кахрамон",1,0,0,0,0,0,0,0,0,0,0,0,0,0,69.279844,69.279844
152,70,70000,3,3,5,Требует ремонта,Кирпичный,"город Ташкент, Учтепинский район, махаллинский сход граждан Фархад",0,0,0,0,0,0,0,0,0,0,0,0,0,0,69.176179,69.176179
153,100,110000,4,4,5,Евроремонт,Монолитный,"город Ташкент, Юнусабадский район, махаллинский сход граждан Севинч",0,1,1,1,1,1,1,1,1,1,1,0,0,1,69.306767,69.306767
154,62.56,85000,2,1,5,Средний,Панельный,"город Ташкент, Мирзо-Улугбекский район, махаллинский сход граждан Султония",0,0,0,0,0,0,0,0,0,0,0,0,0,0,69.37273,69.37273
155,83,250000,3,6,11,Авторский проект,Кирпичный,"город Ташкент, Мирабадский район, жилой комплес Парквуд, 6-й проезд Мироншаха",1,0,0,0,0,0,0,0,0,0,0,0,0,0,69.271822,69.271822
156,74.2,100000,2,13,18,Евроремонт,Монолитный,"город Ташкент, Мирзо-Улугбекский район, площадь Хамида Алимджана, площадь Хамида Алимджана",1,0,0,0,0,0,0,0,0,0,0,0,0,0,69.294316,69.294316
157,76,130000,2,3,9,Авторский проект,Кирпичный,"город Ташкент, Шайхантахурский район, махаллинский сход граждан Гульабад",1,0,0,0,0,0,0,0,0,0,0,0,0,0,69.22538,69.22538
158,90,75000,4,4,5,Средний,Монолитный,"город Ташкент, Яшнободский район, махаллинский сход граждан Тонг",0,0,0,0,0,0,0,0,0,0,0,0,0,0,69.362525,69.362525
159,65,101999,2,8,9,Евроремонт,Монолитный,"город Ташкент, Мирзо-Улугбекский район, махаллинский сход граждан Алпомиш, улица Лашкарлар",1,0,0,0,0,0,0,0,0,0,0,0,0,0,69.340454,69.340454
160,60,69000,2,4,9,Средний,Монолитный,"город Ташкент, Яшнободский район, махаллинский сход граждан Семург",1,0,0,0,0,0,0,0,0,0,0,0,0,0,69.324652,69.324652
161,55,56000,2,5,5,Черновая отделка,Кирпичный,"город Ташкент, Мирзо-Улугбекский район, населённый пункт Янгиабад, улица Миллий Бог",0,0,0,0,0,0,0,0,0,0,0,0,0,0,69.422317,69.422317
162,60,120000,2,3,9,Евроремонт,Другое,"город Ташкент, Мирабадский район, махаллинский сход граждан Янги Мирабад, Малая кольцевая дорога",1,0,0,1,0,1,1,1,0,1,0,1,0,0,69.271517,69.271517
163,36,38500,1,3,4,Требует ремонта,Кирпичный,"город Ташкент, Юнусабадский район, 2-й квартал",0,0,0,0,0,0,0,0,0,0,0,0,0,0,69.285665,69.285665
164,45,32900,1,5,7,Евроремонт,Кирпичный,"Бухарская область, Бухара",1,0,1,1,0,1,1,1,1,1,1,0,1,1,64.421728,64.421728
165,74,76000,3,4,5,Требует ремонта,Монолитный,"город Ташкент, Мирзо-Улугбекский район, 3-й квартал",0,1,0,0,0,1,1,0,0,0,0,0,0,0,69.368328,69.368328
166,40,46000,1,4,5,Средний,Монолитный,"город Ташкент, Яшнободский район, махаллинский сход граждан Алимкент, улица Кадышева",0,1,0,0,0,1,0,0,0,1,0,0,0,1,69.335055,69.335055
167,63,75000,2,9,9,Средний,Панельный,"город Ташкент, Шайхантахурский район, махаллинский сход граждан Шайхонтохур",1,0,0,0,0,0,0,0,0,0,0,0,0,0,69.25983,69.25983
168,73,63000,3,6,9,Евроремонт,Монолитный,"город Ташкент, Алмазарский район, махаллинский сход граждан Чимбай",1,0,0,0,0,1,1,0,0,1,1,0,0,1,69.223017,69.223017
169,36,45000,2,1,4,Средний,Кирпичный,"город Ташкент, Чиланзарский район, махаллинский сход граждан Наккошлик, проспект Бунёдкор (дублёр)",0,0,0,0,1,1,0,0,0,1,0,0,0,0,69.203973,69.203973
170,111,135000,4,7,9,Евроремонт,Панельный,"город Ташкент, Юнусабадский район, махаллинский сход граждан Атчапар-1, проспект Амира Темура",1,0,0,0,0,0,0,0,0,0,0,0,0,0,69.287049,69.287049
171,95,90000,3,5,5,Средний,Кирпичный,"город Ташкент, Мирабадский район, махаллинский сход граждан Тонг Юлдузи, улица Сайхун",0,0,0,0,0,0,0,0,0,0,0,0,0,0,69.302392,69.302392
172,50,53000,2,2,4,Требует ремонта,Панельный,"город Ташкент, Юнусабадский район, 6-й квартал",0,0,0,0,0,0,0,0,0,0,0,0,0,0,69.264537,69.264537
173,42,46500,1,3,4,Авторский проект,Кирпичный,"город Ташкент, Юнусабадский район, махаллинский сход граждан Богибустан, улица Машинасозлар",0,0,0,0,0,0,0,0,0,0,0,0,0,0,69.321454,69.321454
174,57,65000,2,4,5,Евроремонт,Кирпичный,"город Ташкент, Яшнободский район, махаллинский сход граждан Яшнобод, улица Корасув",0,1,0,0,0,1,0,0,0,1,1,0,0,1,69.340076,69.340076
175,18,19600,1,4,4,Авторский проект,Кирпичный,"город Ташкент, Мирабадский район, махаллинский сход граждан Абдурауф Фитрат, улица Таллимаржон",0,0,0,0,0,0,0,0,0,0,0,0,0,0,69.298979,69.298979
176,52,59500,2,4,5,Средний,Кирпичный,"город Ташкент, Мирабадский район, махаллинский сход граждан Сарыкуль, улица Абдурауфа Фитрата",0,0,0,0,0,0,0,0,0,0,0,0,0,0,69.295718,69.295718
177,30,39800,1,4,4,Средний,Кирпичный,"город Ташкент, Мирабадский район, махаллинский сход граждан Темирйулчилар, улица Чамбил",0,0,0,0,0,0,0,0,0,0,0,0,0,0,69.281821,69.281821
178,63,79800,2,8,9,Евроремонт,Панельный,"город Ташкент, Мирабадский район, махаллинский сход граждан Инокобод, улица Сайхун",1,0,0,0,0,0,0,0,0,0,0,0,0,0,69.302392,69.302392
179,63,79800,2,4,9,Евроремонт,Панельный,"город Ташкент, Мирабадский район, махаллинский сход граждан Янги Замон, улица Янгизамон",1,0,0,0,0,0,0,0,0,0,0,0,0,0,69.295529,69.295529
180,43,42000,2,2,2,Средний,Кирпичный,"город Ташкент, Мирабадский район, махаллинский сход граждан Банокатий",0,0,0,0,0,0,0,0,0,0,0,0,0,0,69.283599,69.283599
181,40,43500,1,1,4,Средний,Монолитный,"город Ташкент, Яшнободский район, махаллинский сход граждан Алимкент, 1-й проезд Авиасозлар",0,0,0,0,0,0,0,0,0,0,0,0,0,0,69.336286,69.336286
182,58,47500,2,2,2,Авторский проект,Кирпичный,"город Ташкент, Яшнободский район, махаллинский сход граждан Бойкургон, улица Боткина",0,0,0,0,0,0,0,0,0,0,0,0,0,0,69.313298,69.313298
183,80,66000,3,1,8,Авторский проект,Кирпичный,"город Ташкент, Яшнободский район, махаллинский сход граждан Хосиятли, улица Иззат",1,0,0,0,0,0,0,0,0,0,0,0,0,0,69.341954,69.341954
184,62,41000,2,2,2,Средний,Кирпичный,"Ташкентская область, Чирчик, проспект Алишера Навои",0,1,1,1,1,1,1,1,1,1,1,0,0,1,69.574492,69.574492
185,100,71000,4,8,9,Средний,Панельный,"город Ташкент, Янгихаётский район, массив Дустлик-2",1,1,0,0,0,1,0,0,1,1,1,0,0,1,69.208365,69.208365
186,28,40500,1,4,4,Средний,Кирпичный,"город Ташкент, Яккасарайский район, махаллинский сход граждан Яккасарай, Малая кольцевая дорога",0,0,0,0,0,1,0,0,0,1,1,0,0,1,69.27767,69.27767
187,70,85000,3,3,4,Авторский проект,Кирпичный,"город Ташкент, Чиланзарский район, махаллинский сход граждан Катта Домбрабад, улица Наккашлык",0,1,1,1,0,1,1,1,1,1,1,0,0,0,69.20117,69.20117
188,96,85000,3,8,10,Черновая отделка,Кирпичный,"город Ташкент, Яккасарайский район, махаллинский сход граждан Мерос, улица Богибустан",1,0,0,0,0,0,0,0,0,0,0,0,0,0,69.233725,69.233725
189,70,82000,2,6,9,Средний,Панельный,"город Ташкент, Мирабадский район, махаллинский сход граждан Айбек, улица Саида Барака",1,1,1,1,1,1,1,1,1,1,1,0,0,1,69.283608,69.283608
190,135,94500,3,10,10,Черновая отделка,Кирпичный,"город Ташкент, Шайхантахурский район, жилой комплекс Кукча дарвоза, улица Кукча Дарвоза",1,0,0,0,0,0,0,0,0,0,0,0,0,0,69.212597,69.212597
191,65,101988,3,2,4,Евроремонт,Кирпичный,"город Ташкент, Мирабадский район, махаллинский сход граждан Истиклолабад, улица Сарыкуль",0,0,0,0,0,0,0,0,0,0,0,0,0,0,69.288639,69.288639
192,69,65000,3,4,5,Средний,Кирпичный,"город Ташкент, Сергелийский район, массив Учувчилар Шахарчаси",0,0,1,1,0,1,1,1,0,1,1,0,0,0,69.280608,69.280608
193,49.5,49900,2,2,4,Евроремонт,Кирпичный,"Самаркандская область, Самарканд, улица Мирзо Улугбека",0,1,1,1,1,1,1,1,1,0,0,0,0,1,66.945168,66.945168
194,84,65500,3,9,9,Средний,Панельный,"город Ташкент, Юнусабадский район, 9-й квартал",1,0,0,0,0,0,0,0,0,0,0,0,0,0,69.278039,69.278039
195,26,40000,1,1,4,Авторский проект,Кирпичный,"город Ташкент, Чиланзарский район, махаллинский сход граждан Катартал",0,0,0,0,0,0,0,0,0,0,0,0,0,0,69.201044,69.201044
196,52,27500,2,1,4,Средний,Другое,"Джизакская область, Джизак, махаллинский сход граждан Жиззахлик, улица Хавастлик",0,0,0,0,0,1,0,0,0,0,0,0,0,0,67.817288,67.817288
197,55,61500,2,3,4,Требует ремонта,Кирпичный,"город Ташкент, Юнусабадский район, махалля Отчопар-1, проспект Амира Темура",0,0,0,0,0,0,0,0,0,0,0,0,0,0,69.287049,69.287049
198,74,140000,3,1,4,Требует ремонта,Кирпичный,"город Ташкент, Мирзо-Улугбекский район, махаллинский сход граждан Мустакиллик, улица Истиклол",0,0,0,0,0,0,0,0,0,0,0,0,0,0,69.279503,69.279503
199,44,57500,2,4,8,Евроремонт,Кирпичный,"город Ташкент, Яшнободский район, махаллинский сход граждан Баркамол, улица Хосият",1,0,0,0,0,0,0,0,0,0,0,0,0,0,69.346481,69.346481
200,113,125000,4,8,10,Черновая отделка,Кирпичный,"город Ташкент, Яккасарайский район, махаллинский сход граждан Дамарык, улица Кичик Бешагач",1,0,0,0,0,0,0,0,0,0,0,0,0,0,69.266558,69.266558
201,90,80000,4,5,5,Евроремонт,Панельный,"город Ташкент, Сергелийский район, махаллинский сход граждан Нурхаёт",0,0,0,0,0,0,0,0,0,0,0,0,0,0,69.234201,69.234201
202,90,120000,4,3,4,Евроремонт,Панельный,"город Ташкент, Учтепинский район, жилой комплекс Фарход",0,0,0,0,0,0,0,0,0,0,0,0,0,0,69.1752,69.1752
203,60,75900,3,2,4,Авторский проект,Кирпичный,"город Ташкент, Чиланзарский район, 1-й квартал",0,0,0,0,0,0,0,0,0,0,0,0,0,0,69.228802,69.228802
204,65,75000,3,3,5,Требует ремонта,Панельный,"город Ташкент, Мирзо-Улугбекский район, массив Буз-1, улица Мусаввирлар",0,0,0,0,0,0,0,0,0,0,0,0,0,0,69.327985,69.327985
205,27,31500,1,2,4,Требует ремонта,Кирпичный,"город Ташкент, Юнусабадский район, махаллинский сход граждан Хусниабад",0,0,0,0,0,0,0,0,0,0,0,0,0,0,69.285683,69.285683
206,112,106000,5,3,5,Средний,Панельный,"город Ташкент, Юнусабадский район, 18-й квартал",0,0,0,0,0,0,0,0,0,0,0,0,0,0,69.317628,69.317628
207,30,52000,1,3,4,Евроремонт,Панельный,"город Ташкент, Юнусабадский район, 3-й квартал",0,0,0,0,0,0,0,0,0,0,0,0,0,0,69.292933,69.292933
208,48,87000,2,10,14,Евроремонт,Кирпичный,"город Ташкент, Яккасарайский район, Prestige garden turar-joy majmuasi",1,0,0,0,0,0,0,0,0,0,0,0,0,0,69.228308,69.228308
209,33,45000,2,4,4,Средний,Кирпичный,"город Ташкент, Мирзо-Улугбекский район, махаллинский сход граждан Элабад",0,0,0,0,0,0,0,0,0,0,0,0,0,0,69.332414,69.332414
210,47,105000,2,7,12,Авторский проект,Кирпичный,"город Ташкент, Мирзо-Улугбекский район, жилой комплекс Mirzo Ulugbek",1,0,0,0,0,0,0,0,0,0,0,0,0,0,69.326916,69.326916
211,45,50000,2,7,9,Черновая отделка,Панельный,"город Ташкент, Юнусабадский район, 11-й квартал",1,1,0,0,0,1,0,0,0,1,0,0,0,1,69.289968,69.289968
212,55,53000,2,4,4,Требует ремонта,Панельный,"город Ташкент, Мирзо-Улугбекский район, махаллинский сход граждан Элобод",0,1,0,0,0,0,0,0,0,1,0,0,0,1,69.332414,69.332414
213,70,71000,3,4,4,Средний,Панельный,"город Ташкент, Юнусабадский район, махаллинский сход граждан Ахилобод, улица Ниязбек",0,1,0,0,0,1,0,0,0,1,0,0,0,1,69.297748,69.297748
214,30,28000,1,3,9,Требует ремонта,Панельный,"Ташкентская область, городской посёлок Назарбек, 2-й проезд Коракамиш",1,0,0,0,0,1,0,0,0,0,0,0,0,1,69.133877,69.133877
215,38,41500,1,5,5,Средний,Панельный,"город Ташкент, Юнусабадский район, махаллинский сход граждан Юртабад",0,1,0,0,0,1,0,0,0,0,0,0,0,1,69.31716,69.31716
216,140,175000,5,1,12,Евроремонт,Панельный,"город Ташкент, Шайхантахурский район, махаллинский сход граждан Чакар, улица Фурката",1,0,1,1,0,0,1,0,1,1,0,0,0,0,69.242978,69.242978
217,77,155000,3,3,4,Авторский проект,Кирпичный,"город Ташкент, Мирабадский район, махаллинский сход граждан Мингурик, проспект Амира Темура",0,0,1,1,0,0,1,1,1,1,0,0,0,0,69.287049,69.287049
218,128,180000,3,4,12,Евроремонт,Монолитный,"город Ташкент, Мирабадский район, махалля Миробод, улица Нукус",1,0,1,1,0,0,1,1,1,1,0,0,0,0,69.274194,69.274194
219,90,115000,4,3,5,Средний,Кирпичный,"город Ташкент, Алмазарский район, махаллинский сход граждан Себзар",0,1,0,0,0,0,0,0,0,1,0,0,0,0,69.248781,69.248781
220,50,56555,2,4,4,Евроремонт,Панельный,"город Ташкент, Чиланзарский район, махаллинский сход граждан Мехржон",0,1,0,0,0,1,1,1,1,1,1,0,0,1,69.191423,69.191423
221,56,59555,2,2,4,Евроремонт,Кирпичный,"город Ташкент, Учтепинский район, махаллинский сход граждан Гузар",0,1,0,0,0,1,1,0,0,1,1,0,0,1,69.191612,69.191612
222,52,56555,2,3,4,Средний,Панельный,"город Ташкент, Учтепинский район, махаллинский сход граждан Бирлик",0,1,1,1,0,1,1,1,1,1,1,0,0,1,69.17325,69.17325
223,80,85000,3,4,5,Евроремонт,Панельный,"город Ташкент, Сергелийский район, массив Учувчилар Шахарчаси, улица Аэропорт",0,0,0,0,0,0,0,0,0,0,0,0,0,0,69.28024,69.28024
224,63,79800,2,4,9,Евроремонт,Панельный,"город Ташкент, Мирабадский район, махаллинский сход граждан Фуркат, улица Сайхун",1,0,0,0,0,0,0,0,0,0,0,0,0,0,69.302392,69.302392
225,43,42000,2,2,2,Средний,Кирпичный,"город Ташкент, Мирабадский район, махаллинский сход граждан Абдурауф Фитрат, улица Эски-Сарикул",0,0,0,0,0,0,0,0,0,0,0,0,0,0,69.296257,69.296257
226,60,58000,2,4,4,Средний,Другое,"город Ташкент, Мирабадский район, махаллинский сход граждан Фуркат, улица Таллимаржон",0,0,0,0,0,0,0,0,0,0,0,0,0,0,69.298979,69.298979
227,55,41500,2,2,2,Средний,Кирпичный,"город Ташкент, Яшнободский район, махаллинский сход граждан Жаркургон, улица Захидова",0,0,0,0,0,0,0,0,0,0,0,0,0,0,69.318229,69.318229
228,30,36000,1,2,3,Средний,Кирпичный,"город Ташкент, Мирабадский район, махаллинский сход граждан Заминобод, улица Мирзы Джахангира",0,0,0,0,0,0,0,0,0,0,0,0,0,0,69.272613,69.272613
229,2,695.14,1,1,1,Средний,Другое,"город Ташкент, Чиланзарский район, махаллинский сход граждан Бешкурган, улица Бунёд",0,0,0,0,0,0,0,0,0,1,0,1,1,1,69.185512,69.185512
230,45,50000,2,2,4,Требует ремонта,Панельный,"город Ташкент, Яшнободский район, махаллинский сход граждан Авиасозлар, 2-й проезд Авиасозлар",0,0,0,0,0,0,0,0,0,0,0,0,0,0,69.342592,69.342592
231,265,230000,4,4,4,Евроремонт,Кирпичный,"город Ташкент, Мирабадский район, махаллинский сход граждан Айбек, улица Фидокор",0,0,0,0,0,0,0,0,0,0,0,0,0,0,69.276709,69.276709
232,38,29200,2,1,1,Евроремонт,Кирпичный,"город Ташкент, Мирабадский район, махаллинский сход граждан Банокатий, улица Сарыкуль",0,0,0,0,0,0,0,0,0,0,0,0,0,0,69.288639,69.288639
233,73,85000,3,6,9,Евроремонт,Панельный,"город Ташкент, Алмазарский район, махаллинский сход граждан Юкары Себзар",1,0,0,0,0,0,0,0,0,0,0,0,0,0,69.250119,69.250119
234,50,51500,1,7,10,Черновая отделка,Кирпичный,"город Ташкент, Чиланзарский район, махаллинский сход граждан Домбрабад, улица Гавхар",1,0,0,0,0,0,0,0,0,0,0,0,0,0,69.204323,69.204323
235,78,84500,3,2,5,Авторский проект,Панельный,"город Ташкент, Мирзо-Улугбекский район, махаллинский сход граждан Аль-Фараби",0,1,1,1,1,1,1,1,1,1,1,0,0,0,69.388675,69.388675
236,65,84000,2,7,9,Средний,Панельный,"город Ташкент, Шайхантахурский район, массив Хадра, улица Себзар",1,0,0,0,0,0,0,0,0,0,0,0,0,0,69.249706,69.249706
237,62,75000,2,7,9,Средний,Панельный,"город Ташкент, Алмазарский район, махаллинский сход граждан Хастимам, улица Себзар",1,0,0,0,0,0,0,0,0,0,0,0,0,0,69.249706,69.249706
238,60,58000,2,9,9,Требует ремонта,Панельный,"город Ташкент, Мирзо-Улугбекский район, Oq saroy turar-joy majmuasi, 3-й тупик Паркент",1,0,0,0,0,0,0,0,0,0,0,0,0,0,69.333671,69.333671
239,40,9500,1,7,9,Черновая отделка,Монолитный,"Бухарская область, Каган, проспект Бухара",1,0,0,0,0,0,0,0,0,0,0,0,0,0,64.536524,64.536524
240,83,83000,4,3,5,Средний,Панельный,"город Ташкент, Мирзо-Улугбекский район, массив Феруза-2",0,0,0,0,0,0,0,0,0,0,0,0,0,0,69.359318,69.359318
241,100,99000,3,5,7,Требует ремонта,Кирпичный,"город Ташкент, Шайхантахурский район, махаллинский сход граждан Караташ",1,0,0,0,0,0,0,0,0,0,0,0,0,0,69.234506,69.234506
242,73,62050,2,7,12,Черновая отделка,Кирпичный,"город Ташкент, Яшнободский район, махаллинский сход граждан Бойкургон, улица Султанали Машхади",1,0,0,0,0,0,0,0,0,0,0,0,0,0,69.314232,69.314232
243,65,70750,2,5,9,Евроремонт,Монолитный,"город Ташкент, Чиланзарский район, махаллинский сход граждан Бурижар",1,1,1,1,0,1,1,1,1,1,1,0,0,1,69.190947,69.190947
244,28,21000,1,4,4,Евроремонт,Кирпичный,"Андижанская область, Андижан, махаллинский сход граждан Узбекистон 20 Йиллиги",0,0,0,0,0,1,0,0,0,0,0,0,0,0,72.343872,72.343872
245,125,175000,3,4,12,Евроремонт,Монолитный,"город Ташкент, Мирабадский район, махаллинский сход граждан Салор, улица Нукус",1,0,0,0,0,0,0,0,0,0,0,0,0,0,69.274194,69.274194
246,120,160000,5,7,9,Средний,Панельный,"город Ташкент, Мирабадский район, махаллинский сход граждан Фаровон, улица Афросиаб",1,0,0,0,0,0,0,0,0,0,0,0,0,0,69.263324,69.263324
247,50,62777,2,3,4,Евроремонт,Панельный,"город Ташкент, Учтепинский район, махаллинский сход граждан Богистан",0,1,0,0,0,1,0,0,0,1,1,0,0,1,69.191693,69.191693
248,98,120000,4,5,9,Евроремонт,Панельный,"город Ташкент, Яшнободский район, махаллинский сход граждан Дустобод, улица Паркент",1,0,1,0,0,1,1,1,1,1,1,0,1,1,69.323134,69.323134
249,30,25000,1,2,4,Средний,Кирпичный,"город Ташкент, Сергелийский район, махаллинский сход граждан Дарёбуйи, 3-й проезд Нилуфар",0,0,1,1,1,1,1,0,1,1,1,0,0,0,69.252491,69.252491
250,158,140000,6,7,8,Черновая отделка,Другое,"город Ташкент, Мирзо-Улугбекский район, массив Паркент",1,0,0,0,0,0,0,0,0,0,0,0,0,0,69.322209,69.322209
251,140,189000,4,9,10,Евроремонт,Другое,"город Ташкент, Мирабадский район, махаллинский сход граждан Карасу, Фергана Йули",1,0,0,0,0,0,0,0,0,0,0,0,0,0,69.312462,69.312462
252,116,130000,3,4,4,Средний,Кирпичный,"город Ташкент, Чиланзарский район, квартал И",0,1,1,0,0,1,1,1,1,1,1,0,1,1,69.226961,69.226961
253,50,51000,2,4,4,Средний,Панельный,"город Ташкент, Чиланзарский район, 10-й квартал массива Чиланзар",0,0,0,0,0,0,0,0,0,0,0,0,0,0,69.197819,69.197819
254,30,55000,1,1,4,Средний,Кирпичный,"город Ташкент, Шайхантахурский район, массив Ц-12, улица Лабзак",0,0,0,0,0,0,0,0,0,0,0,0,0,0,69.263603,69.263603
255,102,167000,4,2,8,Евроремонт,Другое,"город Ташкент, Яшнободский район, массив Ташсельмаш, Tashselmash ko'chasi",1,0,0,0,0,0,0,0,0,0,0,0,0,0,69.308105,69.308105
256,50,135000,2,7,25,Евроремонт,Другое,"город Ташкент, Мирзо-Улугбекский район, площадь Хамида Алимджана, проспект Мустакиллик",1,0,0,0,0,0,0,0,0,0,0,0,0,0,69.298404,69.298404
257,90,155000,2,6,7,Евроремонт,Другое,"город Ташкент, Мирабадский район, махаллинский сход граждан Биродарлик, улица Гоголя",1,0,0,0,0,0,0,0,0,0,0,0,0,0,69.275038,69.275038
258,47,63850,2,2,4,Евроремонт,Кирпичный,"город Ташкент, Мирзо-Улугбекский район, махаллинский сход граждан Катта Ялангач Ата, улица Тимура Малика",0,0,0,0,0,1,0,0,0,1,0,0,0,0,69.364762,69.364762
259,58,54500,2,3,9,Требует ремонта,Панельный,"город Ташкент, Юнусабадский район, махаллинский сход граждан Мингчинар",1,0,0,0,0,0,0,0,0,0,0,0,0,0,69.282818,69.282818
260,59,27500,2,2,4,Средний,Кирпичный,"Ферганская область, Фергана, махаллинский сход граждан Гульзар, улица Пахтаой",0,0,0,0,0,0,0,0,0,0,0,0,0,0,71.778068,71.778068
261,50,60000,2,1,4,Евроремонт,Панельный,"город Ташкент, Юнусабадский район, махаллинский сход граждан Янги Хаёт",0,1,1,1,0,0,1,1,1,1,0,0,0,0,69.296355,69.296355
262,90,100000,3,1,4,Требует ремонта,Кирпичный,"город Ташкент, Мирзо-Улугбекский район, махаллинский сход граждан Алпомиш, улица Буюк Ипак Йули",0,0,0,0,0,1,0,0,0,1,0,0,0,1,69.370763,69.370763
263,30,38000,1,3,4,Средний,Кирпичный,"город Ташкент, Мирабадский район, махаллинский сход граждан Фуркат, улица Эски-Сарикул",0,0,0,0,0,0,0,0,0,0,0,0,0,0,69.296257,69.296257
264,171,136800,4,4,4,Черновая отделка,Кирпичный,"город Ташкент, Мирзо-Улугбекский район, махаллинский сход граждан Олтинтепа, улица Турт Арык",0,0,0,0,0,0,0,0,0,0,0,0,0,0,69.343885,69.343885
265,85,160000,4,3,4,Средний,Кирпичный,"город Ташкент, Яккасарайский район, махаллинский сход граждан Юнус Раджаби, улица Юнуса Раджаби",0,0,0,0,0,0,0,0,0,0,0,0,0,0,69.259767,69.259767
266,50,70250,2,1,4,Евроремонт,Панельный,"город Ташкент, Чиланзарский район, махаллинский сход граждан Кутарма",0,1,1,1,1,1,1,1,1,1,1,0,0,1,69.197891,69.197891
267,60,77700,2,3,5,Евроремонт,Панельный,"город Ташкент, Яшнободский район, махаллинский сход граждан Ватандош",0,1,1,1,1,1,1,1,1,1,0,1,1,1,69.360046,69.360046
268,57.6,60500,2,2,4,Средний,Кирпичный,"город Ташкент, Алмазарский район, махаллинский сход граждан Гульсарай",0,1,0,0,0,1,1,0,1,1,1,0,0,1,69.238531,69.238531
269,80,130000,3,3,4,Евроремонт,Кирпичный,"город Ташкент, Яккасарайский район, махаллинский сход граждан Шахжахан, улица Шота Руставели",0,0,0,0,0,0,0,0,0,0,0,0,0,0,69.241935,69.241935
270,58,55000,2,5,5,Средний,Панельный,"город Ташкент, Яшнободский район, махаллинский сход граждан Мохинур",0,1,1,1,0,0,1,1,1,1,0,0,0,0,69.365642,69.365642
271,53.62,75000,2,1,7,Средний,Кирпичный,"город Ташкент, Янгихаётский район, массив Сергели-IIIа, улица Кургантепа",1,1,0,0,0,1,1,0,0,1,1,0,0,0,69.208994,69.208994
272,70,110000,3,4,5,Евроремонт,Кирпичный,"город Ташкент, Яккасарайский район, махаллинский сход граждан Богсарай, улица Шота Руставели",0,0,0,0,0,0,0,0,0,0,0,0,0,0,69.241935,69.241935
273,125,100000,3,4,8,Средний,Кирпичный,"город Ташкент, Янгихаётский район, 8-й квартал",1,1,0,0,0,1,0,0,1,0,0,0,1,1,69.218759,69.218759
274,50,51500,1,7,10,Черновая отделка,Кирпичный,"город Ташкент, Чиланзарский район, махаллинский сход граждан Яккабог, улица Сугалли-ота",1,0,0,0,0,0,0,0,0,0,0,0,0,0,69.17528,69.17528
275,68,75000,3,5,9,Средний,Монолитный,"город Ташкент, Юнусабадский район, массив Киёт",1,0,0,0,0,0,0,0,0,0,0,0,0,0,69.27803,69.27803
276,28,72000,1,4,4,Авторский проект,Кирпичный,"город Ташкент, Яккасарайский район, махалля Юнус Ражабий, площадь Космонавтов",0,0,1,1,0,0,1,1,1,1,0,0,0,0,69.264546,69.264546
277,34,59000,2,3,4,Авторский проект,Кирпичный,"город Ташкент, Чиланзарский район, 18-й квартал",0,0,0,1,0,0,1,1,1,1,0,0,0,0,69.191315,69.191315
278,60,77500,3,3,4,Средний,Кирпичный,"город Ташкент, Яшнободский район, 58а Военный Городок",0,0,0,0,0,0,1,1,0,0,0,0,0,0,69.370727,69.370727
279,66.89,52000,3,1,4,Средний,Кирпичный,"город Ташкент, Бектемирский район, махаллинский сход граждан Забардаст, Bektemir shoh ko'chasi",0,0,0,0,0,0,0,0,0,0,0,0,0,0,69.334246,69.334246
280,41.5,68000,1,4,16,Авторский проект,Монолитный,"город Ташкент, Мирзо-Улугбекский район, O'z mahal TJM",1,0,0,0,0,0,0,0,0,0,0,0,0,0,69.326916,69.326916
281,113,115000,4,7,9,Средний,Кирпичный,"город Ташкент, Мирзо-Улугбекский район, махаллинский сход граждан Нур",1,0,0,0,0,0,0,0,0,0,0,0,0,0,69.294406,69.294406
282,63,79000,2,2,2,Авторский проект,Кирпичный,"город Ташкент, Яшнободский район, махаллинский сход граждан Жаркургон, улица Джаркурган",0,1,1,1,1,0,1,1,1,1,1,0,1,1,69.329027,69.329027
283,100,73000,4,8,9,Требует ремонта,Панельный,"город Ташкент, Сергелийский район, массив Сергели-VIIа, улица Мирзы Турсунзаде",1,0,0,0,0,1,0,0,0,1,0,0,0,0,69.21018,69.21018
284,100,100000,5,4,5,Евроремонт,Монолитный,"город Ташкент, Учтепинский район, махаллинский сход граждан Алихонтура Согуний",0,0,0,0,0,0,0,0,0,0,0,0,0,0,69.156883,69.156883
285,80,380000,3,1,8,Авторский проект,Кирпичный,"город Ташкент, Шайхантахурский район, жилой комплекс Гарденс",1,0,0,0,0,0,0,0,0,0,0,0,0,0,69.246724,69.246724
286,52,72000,2,3,5,Евроремонт,Панельный,"город Ташкент, Яккасарайский район, массив Кушбеги",0,0,0,0,0,0,0,0,0,0,0,0,0,0,69.242133,69.242133
287,72,76000,3,3,9,Средний,Панельный,"город Ташкент, Чиланзарский район, махаллинский сход граждан Катта-Казирабад, улица Кирк-Киз",1,0,0,0,0,0,0,0,0,0,0,0,0,0,69.218436,69.218436
288,71,85000,3,4,4,Евроремонт,Кирпичный,"город Ташкент, Чиланзарский район, махаллинский сход граждан Катта-Казирабад",0,0,0,0,0,0,0,0,0,0,0,0,0,0,69.212668,69.212668
289,64.79,58000,3,2,4,Евроремонт,Панельный,"Самаркандская область, Самарканд, площадь Регистан",0,1,1,0,0,1,0,0,0,0,0,0,0,1,66.975854,66.975854
290,53,95000,2,1,8,Требует ремонта,Панельный,"город Ташкент, Яккасарайский район, махаллинский сход граждан Бабур, улица Бабура",1,1,0,0,0,1,0,0,0,0,0,0,0,1,69.254054,69.254054
291,83,67000,3,3,3,Требует ремонта,Кирпичный,"город Ташкент, Мирабадский район, махаллинский сход граждан Биродарлик, улица Дашнобод",0,0,0,0,0,0,0,0,0,0,0,0,0,0,69.276125,69.276125
292,28,53500,1,2,14,Евроремонт,Монолитный,"город Ташкент, Яшнободский район, жилой комплекс Беш чинор, улица Махтумкули",1,0,0,1,0,1,1,1,1,0,0,0,0,0,69.31018,69.31018
293,44,60000,1,1,4,Средний,Кирпичный,"город Ташкент, Мирзо-Улугбекский район, махаллинский сход граждан Подшобог, улица Буюк Ипак Йули",0,0,0,0,0,0,0,0,0,0,0,0,0,0,69.370763,69.370763
294,47,65000,2,5,5,Средний,Кирпичный,"город Ташкент, Чиланзарский район, махаллинский сход граждан Катта-Казирабад, улица Чапаната",0,0,0,0,0,1,0,0,0,1,0,0,0,0,69.210881,69.210881
295,207,280000,4,9,10,Евроремонт,Кирпичный,"город Ташкент, Юнусабадский район, махаллинский сход граждан Бадамзар, улица Бадамзар",1,0,0,0,0,0,0,0,0,0,0,0,0,0,69.292879,69.292879
296,94,98000,2,5,5,Евроремонт,Кирпичный,"город Ташкент, Чиланзарский район, махаллинский сход граждан Чарх Камалан-1, улица Новза",0,0,0,0,0,0,0,0,0,0,0,0,0,0,69.234623,69.234623
297,287,243950,6,3,3,Евроремонт,Кирпичный,"Самаркандская область, Самарканд, махаллинский сход граждан Богбонлар, улица Беруни",0,1,1,1,1,1,1,1,1,1,0,1,1,1,66.922467,66.922467
298,33,52000,1,5,5,Евроремонт,Панельный,"город Ташкент, Мирзо-Улугбекский район, массив Буз-1",0,0,0,0,0,0,0,0,0,0,0,0,0,0,69.33033,69.33033
299,60,42000,2,1,1,Евроремонт,Кирпичный,"город Ташкент, Мирабадский район, махаллинский сход граждан Заминобод, улица Ок Йул",0,0,0,0,0,0,0,0,0,0,0,0,0,0,69.273341,69.273341
300,80,63000,3,5,9,Евроремонт,Блочный,"город Ташкент, Сергелийский район, массив Курувчи",1,1,0,0,0,1,0,0,0,1,0,0,0,1,69.263729,69.263729
301,56,75000,2,5,5,Средний,Панельный,"город Ташкент, Алмазарский район, махаллинский сход граждан Себзар, Sebzor dahasi",0,1,1,1,0,1,1,1,1,1,1,0,0,1,69.250119,69.250119
302,72.85,67000,2,1,9,Средний,Кирпичный,"город Ташкент, Янгихаётский район, махаллинский сход граждан Орият",1,1,1,1,1,1,1,1,1,1,0,0,1,1,69.192564,69.192564
303,55,61500,2,3,4,Требует ремонта,Панельный,"город Ташкент, Юнусабадский район, махалля Отчопар-1, Шахристанская улица",0,0,0,0,0,0,0,0,0,0,0,0,0,0,69.290391,69.290391
304,43,80000,2,2,2,Средний,Кирпичный,"город Ташкент, Яккасарайский район, махаллинский сход граждан Юнус Раджаби, улица Самарканд",0,0,0,0,0,0,0,0,0,0,0,0,0,0,69.264816,69.264816
305,60,62500,2,4,6,Евроремонт,Кирпичный,"город Ташкент, Сергелийский район, массив Узгарыш, улица Мирзы Турсунзаде",1,1,0,0,0,1,0,0,0,0,0,1,0,1,69.21018,69.21018
306,31,32000,2,3,4,Средний,Кирпичный,"город Ташкент, Яшнободский район, махаллинский сход граждан Фазогир, улица Иззат",0,0,0,0,0,0,0,0,0,1,0,0,0,0,69.341954,69.341954
307,50,75000,2,3,4,Евроремонт,Кирпичный,"город Ташкент, Юнусабадский район, махаллинский сход граждан Биллур",1,1,1,1,1,1,1,1,1,1,1,1,1,1,69.281147,69.281147
308,31.88,32000,1,1,2,Авторский проект,Другое,"город Ташкент, Янгихаётский район, 2-й квартал",0,0,0,0,0,1,0,0,0,1,0,0,0,0,69.221095,69.221095
309,42.3,65000,2,3,7,Евроремонт,Кирпичный,"город Ташкент, Чиланзарский район, махаллинский сход граждан Богзар",1,0,1,1,0,1,1,1,1,1,0,1,1,0,69.207225,69.207225
310,96,120000,3,9,12,Евроремонт,Панельный,"город Ташкент, Чиланзарский район, микрорайон Алмазар, улица Фурката",1,0,0,0,0,0,0,0,0,0,0,0,0,0,69.242978,69.242978
311,140,160000,4,4,4,Авторский проект,Кирпичный,"город Ташкент, Чиланзарский район, махаллинский сход граждан Чарх Камалан-1, Хивинская улица",0,0,0,0,0,0,0,0,0,0,0,0,0,0,69.229808,69.229808
312,12,16300,1,7,9,Средний,Панельный,"город Ташкент, Яшнободский район, махаллинский сход граждан Наврузобод",1,1,0,0,0,0,0,0,0,0,0,0,0,0,69.347613,69.347613
313,105,105000,4,8,9,Евроремонт,Кирпичный,"город Ташкент, Яккасарайский район, массив Башлык",1,1,1,1,1,0,1,1,1,1,1,0,0,0,69.251709,69.251709
314,33.12,39850,1,4,4,Требует ремонта,Панельный,"город Ташкент, Мирабадский район, махаллинский сход граждан Чинар",0,1,0,0,0,1,0,0,0,1,0,0,0,0,69.313747,69.313747
315,50,60000,2,3,7,Средний,Кирпичный,"город Ташкент, Сергелийский район, массив Сергели-III",1,0,0,0,0,1,0,0,0,0,0,0,0,1,69.233393,69.233393
316,80,85000,4,3,4,Средний,Панельный,"город Ташкент, Мирзо-Улугбекский район, махаллинский сход граждан Уйгониш",0,1,1,1,1,1,1,1,1,1,1,0,1,1,69.38148,69.38148
317,46,71500,2,5,5,Евроремонт,Панельный,"город Ташкент, Мирзо-Улугбекский район, махаллинский сход граждан Алпомиш, улица Мирзо Улугбека",0,0,0,0,0,0,0,0,0,0,0,0,0,0,69.335863,69.335863
318,36,44500,1,3,4,Черновая отделка,Панельный,"город Ташкент, Чиланзарский район, квартал 20А",0,0,0,0,0,0,0,0,0,0,0,0,0,0,69.190237,69.190237
319,52,58000,1,9,9,Требует ремонта,Монолитный,"город Ташкент, Мирабадский район, махаллинский сход граждан Мовароуннахр, улица Нукус",1,0,0,0,0,0,0,0,0,0,0,0,0,0,69.274194,69.274194
320,205,157000,5,9,10,Евроремонт,Кирпичный,"Ташкентская область, городской посёлок Эшангузар, улица Нугманова",1,0,0,0,0,0,0,0,0,0,0,0,0,0,69.153209,69.153209
321,90,80000,4,7,9,Требует ремонта,Монолитный,"город Ташкент, Яшнободский район, махаллинский сход граждан Тонг, 2-й массив Тузель",1,0,0,0,0,0,0,0,0,0,0,0,0,0,69.361196,69.361196
322,56,58000,2,3,16,Средний,Монолитный,"город Ташкент, Янгихаётский район, жилой комплекс Янгидархон-2",1,1,1,1,1,1,1,1,1,1,1,0,1,1,69.23006,69.23006
323,75.4,105000,3,3,5,Средний,Панельный,"город Ташкент, Мирзо-Улугбекский район, 6-й квартал",0,1,1,1,1,1,1,1,0,1,1,0,0,1,69.354135,69.354135
324,50,45000,3,1,2,Требует ремонта,Кирпичный,"город Ташкент, Яшнободский район, массив Авиагородок-22",0,0,0,0,0,0,0,0,0,0,0,0,0,0,69.311968,69.311968
325,35,80000,1,7,9,Евроремонт,Кирпичный,"город Ташкент, Юнусабадский район, массив Ц-2, тупик улица Алай Бозори",1,0,1,1,0,0,1,1,1,0,0,0,0,0,69.286151,69.286151
326,30,36000,1,2,3,Средний,Кирпичный,"город Ташкент, Мирабадский район, махаллинский сход граждан Биродарлик, улица Гейдара Алиева",0,0,0,0,0,0,0,0,0,0,0,0,0,0,69.276548,69.276548
327,58,97000,2,3,9,Евроремонт,Панельный,"город Ташкент, Юнусабадский район, махаллинский сход граждан Буюк Туран, улица Осиё",1,0,0,0,0,0,0,0,0,0,0,0,0,0,69.28713,69.28713
328,72,65000,3,2,4,Требует ремонта,Кирпичный,"город Ташкент, Сергелийский район, махаллинский сход граждан Олтинводий, улица Олтинводий",0,0,0,0,0,0,0,0,0,0,0,0,0,0,69.246319,69.246319
329,85.66,70000,3,1,5,Средний,Панельный,"город Ташкент, Сергелийский район, махалля Олтин Водий, 2-й тупик Олтинводий",0,0,0,0,0,0,0,0,0,0,0,0,0,0,69.240795,69.240795
330,78,128000,2,2,4,Евроремонт,Кирпичный,"город Ташкент, Мирзо-Улугбекский район, массив Алай, улица Олой Бозори",0,0,0,0,0,0,0,0,0,0,0,0,0,0,69.287543,69.287543
331,78,73000,3,4,7,Евроремонт,Кирпичный,"город Ташкент, Янгихаётский район, 16-й квартал",1,1,0,1,1,1,1,0,0,1,0,0,1,1,69.20921,69.20921
332,69,98000,3,6,9,Требует ремонта,Панельный,"город Ташкент, Мирзо-Улугбекский район, махаллинский сход граждан Хамид Олимжон, проспект Мустакиллик",1,1,0,0,1,1,0,1,0,1,0,0,0,0,69.298404,69.298404
333,75,135000,3,3,9,Евроремонт,Блочный,"город Ташкент, Мирабадский район, махаллинский сход граждан Фаровон, улица Мирабад",1,0,0,0,0,0,0,0,0,0,0,0,0,0,69.268553,69.268553
334,50,63350,2,3,4,Евроремонт,Панельный,"город Ташкент, Учтепинский район, 14-й квартал",0,1,0,0,0,1,0,0,0,1,1,0,0,1,69.191414,69.191414
335,56.7,37000,2,2,4,Средний,Панельный,"Ташкентская область, Чирчик, проспект Амира Темура",0,0,0,1,1,1,1,1,0,1,0,0,0,0,69.574366,69.574366
336,92,88000,4,2,5,Евроремонт,Панельный,"город Ташкент, Сергелийский район, махаллинский сход граждан Саховат",0,0,0,0,0,1,1,0,1,1,0,0,0,0,69.238558,69.238558
337,111,88000,4,2,9,Средний,Кирпичный,"город Ташкент, Алмазарский район, махаллинский сход граждан Зиё, улица Талабалар",1,1,1,1,1,1,1,1,1,0,0,0,0,1,69.211339,69.211339
338,82,140000,4,2,4,Средний,Кирпичный,"город Ташкент, Яккасарайский район, махаллинский сход граждан Беларык, улица Ракат",0,1,1,1,0,1,0,1,1,1,1,0,0,1,69.244702,69.244702
339,60,120000,2,4,4,Евроремонт,Кирпичный,"город Ташкент, Мирабадский район, махаллинский сход граждан Ат-Тирмизи, улица Афросиаб",0,0,0,0,0,0,0,0,0,0,0,0,0,0,69.263324,69.263324
340,60,83000,2,4,4,Средний,Кирпичный,"город Ташкент, Яккасарайский район, махаллинский сход граждан Богсарай, улица Бешчинар",0,0,0,0,0,0,0,0,0,0,0,0,0,0,69.260252,69.260252
341,50,83000,1,3,9,Средний,Блочный,"город Ташкент, Мирабадский район, махаллинский сход граждан Афрасиаб, улица Афросиаб",1,0,0,0,0,0,0,0,0,0,0,0,0,0,69.263324,69.263324
342,84,115000,3,4,4,Евроремонт,Кирпичный,"город Ташкент, Мирабадский район, махаллинский сход граждан Шараф Рашидов, улица Якуба Коласа",0,0,0,0,0,0,0,0,0,0,0,0,0,0,69.273071,69.273071
343,51,56500,1,1,4,Евроремонт,Панельный,"город Ташкент, Мирзо-Улугбекский район, массив Феруза-3",0,0,0,0,0,0,0,0,0,0,0,0,0,0,69.369586,69.369586
344,160,175000,3,1,3,Евроремонт,Кирпичный,"город Ташкент, Шайхантахурский район, махаллинский сход граждан Ипакчи, улица Ипакчи",0,0,0,0,0,0,0,0,0,0,0,0,0,0,69.189186,69.189186
345,60.8,50500,2,6,10,Черновая отделка,Монолитный,"город Ташкент, Яшнободский район, махаллинский сход граждан Куксарой",1,0,0,0,0,1,0,0,0,0,0,1,1,1,69.331758,69.331758
346,56.16,56000,2,4,5,Средний,Панельный,"город Ташкент, Янгихаётский район, массив Дустлик-1",0,1,1,0,1,1,1,1,1,1,1,0,0,1,69.212857,69.212857
347,63,105000,3,4,4,Евроремонт,Кирпичный,"город Ташкент, Яккасарайский район, махаллинский сход граждан Конституция, улица Юсуфа Хос Ходжиба",0,0,1,1,1,1,1,1,1,1,1,0,0,1,69.25886,69.25886
348,56.4,65000,2,5,5,Средний,Монолитный,"город Ташкент, Юнусабадский район, 5-й квартал",0,0,1,0,0,1,0,1,0,1,0,0,0,0,69.274643,69.274643
349,42,106000,2,7,9,Евроремонт,Кирпичный,"город Ташкент, Юнусабадский район, махаллинский сход граждан Богишамол, улица Ахмада Дониша",1,0,0,0,0,0,0,0,0,0,0,0,0,0,69.278165,69.278165
350,84,86000,4,2,4,Средний,Панельный,"город Ташкент, Алмазарский район, квартал 1/4",0,0,1,0,0,0,0,0,1,0,0,0,0,0,69.202428,69.202428
351,61,85000,2,2,5,Евроремонт,Панельный,"город Ташкент, Шайхантахурский район, махаллинский сход граждан Жангох",0,1,1,1,1,1,1,1,1,1,1,1,1,1,69.25241,69.25241
352,60,65000,2,3,4,Евроремонт,Кирпичный,"город Ташкент, Яшнободский район, махаллинский сход граждан Маърифат, улица Эльбека",0,0,0,0,0,0,0,0,0,0,0,0,0,0,69.312678,69.312678
353,56,120000,3,4,4,Евроремонт,Кирпичный,"Ташкентская область, махаллинский сход граждан Гулистон, улица Миробод",0,0,1,1,1,0,1,1,1,0,0,0,0,0,69.435675,69.435675
354,35,50500,1,2,4,Евроремонт,Другое,"город Ташкент, Чиланзарский район, махалля Чилонзор, улица Мукими",0,0,0,0,0,0,0,0,0,0,0,0,0,0,69.231587,69.231587
355,100,95000,4,8,9,Евроремонт,Панельный,"город Ташкент, Мирабадский район, 3-й квартал",1,0,0,0,0,0,0,0,0,0,0,0,0,0,69.310189,69.310189
356,60,55000,2,4,5,Требует ремонта,Панельный,"город Ташкент, Яшнободский район, махаллинский сход граждан Парвоз",0,0,0,0,0,0,0,0,0,0,0,0,0,0,69.353237,69.353237
357,31,42000,1,2,6,Требует ремонта,Кирпичный,"город Ташкент, Сергелийский район, махаллинский сход граждан Хабибий, улица Мирзы Турсунзаде",1,0,0,0,0,1,1,0,0,1,0,0,0,0,69.21018,69.21018
358,50,80000,2,9,10,Черновая отделка,Кирпичный,"город Ташкент, Юнусабадский район, массив Минор, проезд Минор",1,0,0,0,0,1,0,0,0,0,0,1,1,0,69.279844,69.279844
359,71,87000,3,4,4,Евроремонт,Кирпичный,"город Ташкент, Чиланзарский район, массив Наккашлык",0,0,0,0,0,0,0,0,0,0,0,0,0,0,69.202913,69.202913
360,60,83000,2,2,4,Средний,Кирпичный,"город Ташкент, Яшнободский район, 4-й квартал",0,0,1,1,0,1,1,1,1,1,1,0,0,0,69.345745,69.345745
361,43,44500,1,6,9,Средний,Монолитный,"город Ташкент, Сергелийский район, махаллинский сход граждан Хабибий",1,0,0,0,0,0,0,0,0,0,0,0,0,0,69.210872,69.210872
362,30,51000,1,1,4,Средний,Кирпичный,"город Ташкент, Яккасарайский район, махаллинский сход граждан Бабур, улица Абдуллы Каххара",0,1,1,1,0,1,0,0,1,1,1,0,1,0,69.261052,69.261052
363,72.4,85000,3,2,4,Средний,Кирпичный,"город Ташкент, Мирзо-Улугбекский район, махаллинский сход граждан Геофизика",0,1,0,0,0,1,0,0,0,1,1,0,0,0,69.386762,69.386762
364,50,69500,2,2,5,Евроремонт,Другое,"город Ташкент, Чиланзарский район, 3-й квартал",0,0,0,0,0,0,0,0,0,0,0,0,0,0,69.222954,69.222954
365,78,88000,3,3,4,Евроремонт,Кирпичный,"город Ташкент, Мирзо-Улугбекский район, массив Феруза-1",0,1,1,1,0,1,1,1,0,0,1,1,0,1,69.364043,69.364043
366,72,66500,3,5,5,Средний,Панельный,"город Ташкент, Юнусабадский район, махаллинский сход граждан Кушчинор",0,0,0,0,0,0,0,0,0,0,0,0,0,0,69.274904,69.274904
367,38,45000,1,4,4,Средний,Панельный,"город Ташкент, Яшнободский район, махаллинский сход граждан Илтифот, улица Авиасозлар",0,1,1,0,0,1,1,0,1,1,0,0,0,0,69.343265,69.343265
368,72,80000,3,1,9,Средний,Панельный,"город Ташкент, Яшнободский район, махаллинский сход граждан Журабек, Фергана Йули",1,1,0,1,1,1,1,0,1,1,1,1,0,1,69.312462,69.312462
369,40,41000,1,3,4,Средний,Панельный,"город Ташкент, Яшнободский район, массив Уйсозлар",0,1,0,0,0,1,0,0,1,1,1,0,0,1,69.3427,69.3427
370,45,51000,1,1,4,Средний,Монолитный,"город Ташкент, Мирзо-Улугбекский район, массив Феруза-2, улица Феруза",0,1,1,0,0,1,1,1,0,1,1,0,0,1,69.367241,69.367241
371,100,157000,4,4,9,Евроремонт,Панельный,"город Ташкент, Мирзо-Улугбекский район, махаллинский сход граждан Темурийлар, улица Амир Темур",1,0,0,0,0,0,0,0,0,0,0,0,0,0,69.376934,69.376934
372,61.02,80000,2,3,5,Средний,Панельный,"город Ташкент, Мирзо-Улугбекский район, массив Ахмада Югнаки, улица Ахмада Югнаки",0,0,1,1,0,0,1,1,1,0,0,0,0,0,69.389906,69.389906
373,92,85000,4,8,9,Средний,Панельный,"город Ташкент, Мирзо-Улугбекский район, массив Хумаюн",1,0,0,0,0,0,0,0,0,0,0,0,0,0,69.388945,69.388945
374,30,39500,1,5,5,Авторский проект,Панельный,"город Ташкент, Яшнободский район, махаллинский сход граждан Фазогир, улица Корасув",0,0,1,1,0,1,1,1,1,1,1,1,1,1,69.340076,69.340076
375,43,27000,2,1,5,Евроремонт,Кирпичный,"Хорезмская область, Ургенч, махаллинский сход граждан Учкуприк, проспект Аль-Хорезми",0,0,1,1,0,1,1,1,0,0,0,0,0,1,60.63108,60.63108
376,38,60000,1,4,12,Евроремонт,Панельный,"город Ташкент, Юнусабадский район, 13-й квартал, улица Ниязбек",1,0,0,0,0,1,0,0,0,1,0,0,1,0,69.297748,69.297748
377,55,61500,2,3,4,Средний,Кирпичный,"город Ташкент, Юнусабадский район, махаллинский сход граждан Отчопар-1, Шахристанская улица",0,0,0,0,0,0,0,0,0,0,0,0,0,0,69.290391,69.290391
378,92,92500,4,3,5,Средний,Панельный,"город Ташкент, Юнусабадский район, махаллинский сход граждан Собиробод",0,0,0,0,0,0,0,0,0,0,0,0,0,0,69.27644,69.27644
379,80,89000,4,3,4,Средний,Панельный,"город Ташкент, Юнусабадский район, махаллинский сход граждан Мингчинор",0,0,0,0,0,0,0,0,0,0,0,0,0,0,69.282818,69.282818
380,58,54500,2,4,4,Авторский проект,Кирпичный,"город Ташкент, Юнусабадский район, махаллинский сход граждан Абад, улица Зарбулак",0,0,0,0,0,0,0,0,0,0,0,0,0,0,69.326,69.326
381,78,73000,3,2,5,Средний,Панельный,"город Ташкент, Сергелийский район, 6-й квартал",0,0,0,0,0,0,0,0,0,0,0,0,0,0,69.289717,69.289717
382,67,40000,3,5,5,Требует ремонта,Кирпичный,"Ташкентская область, Чирчик, улица Маданият",0,0,0,0,0,1,0,0,0,1,1,0,0,1,69.58105,69.58105
383,38,41000,2,4,4,Средний,Кирпичный,"город Ташкент, Яшнободский район, махаллинский сход граждан Бойкургон, улица Янгибозор",0,0,0,0,0,0,0,0,0,0,0,0,0,0,69.311034,69.311034
384,100,115000,4,6,9,Средний,Панельный,"город Ташкент, Чиланзарский район, махаллинский сход граждан Кичик Хирмантепа, улица Аль-Хорезми",1,1,1,1,0,1,1,1,1,1,1,0,0,1,69.190462,69.190462
385,56,30895.02,3,4,4,Евроремонт,Кирпичный,"Кашкадарьинская область, Карши, 6-й микрорайон",0,1,0,0,0,0,0,0,0,0,0,0,0,0,65.78909,65.78909
386,100,110000,3,5,9,Евроремонт,Панельный,"город Ташкент, Яккасарайский район, махаллинский сход граждан Конституция",1,0,1,1,1,0,1,1,1,1,0,0,0,0,69.256857,69.256857
387,84,105000,3,5,5,Средний,Кирпичный,"город Ташкент, Мирабадский район, махаллинский сход граждан Янги Мирабад, улица Авлиё-Ота",0,0,0,0,0,0,0,0,0,0,0,0,0,0,69.277608,69.277608
388,75,127000,3,7,9,Евроремонт,Панельный,"город Ташкент, Мирабадский район, махаллинский сход граждан Мингурик, улица Шахрисабз",1,0,0,0,0,0,0,0,0,0,0,0,0,0,69.276476,69.276476
389,55,103000,2,4,4,Авторский проект,Кирпичный,"город Ташкент, Яккасарайский район, махаллинский сход граждан Дилбулок, улица Шота Руставели",0,0,1,1,0,0,1,1,1,1,0,0,0,0,69.241935,69.241935
390,25,27000,1,2,9,Авторский проект,Панельный,"город Ташкент, Чиланзарский район, махаллинский сход граждан Катта-Казирабад, Малая кольцевая дорога",1,1,1,0,0,1,0,1,0,1,1,0,1,1,69.201574,69.201574
391,20,23555,1,3,4,Евроремонт,Кирпичный,"город Ташкент, Чиланзарский район, массив Наккашлык, 4-й проезд Домбрабад",0,1,0,0,0,1,0,0,0,1,1,0,0,1,69.207422,69.207422
392,50,56950,2,2,4,Евроремонт,Панельный,"город Ташкент, Учтепинский район, 21-й квартал",0,1,1,1,0,1,1,1,1,1,1,0,0,1,69.174697,69.174697
393,27,31500,1,3,4,Требует ремонта,Кирпичный,"город Ташкент, Юнусабадский район, махаллинский сход граждан Хусниобод",0,0,0,0,0,0,0,0,0,0,0,0,0,0,69.287714,69.287714
394,68,80000,3,3,4,Средний,Кирпичный,"город Ташкент, Мирзо-Улугбекский район, махаллинский сход граждан Шахриобод",0,0,0,0,0,0,0,0,0,0,0,0,0,0,69.326916,69.326916
395,111,190000,3,4,7,Евроремонт,Кирпичный,"город Ташкент, Мирзо-Улугбекский район, махаллинский сход граждан Аккурган, улица Катта Дархон",1,0,0,0,0,0,0,0,0,0,0,0,0,0,69.309273,69.309273
396,109.66,150000,3,6,7,Средний,Кирпичный,"город Ташкент, Мирзо-Улугбекский район, махаллинский сход граждан Дархан, 3-й проезд Катта-Дархан",1,0,0,0,0,0,0,0,0,0,0,0,0,0,69.307018,69.307018
397,60,80000,2,3,4,Евроремонт,Панельный,"город Ташкент, Мирзо-Улугбекский район, махаллинский сход граждан Олимлар, улица Дурмон йули",0,0,0,0,0,0,0,0,0,0,0,0,0,0,69.342628,69.342628
398,63,90000,2,1,9,Евроремонт,Кирпичный,"Кашкадарьинская область, Шахрисабз, махаллинский сход граждан Синабог, улица Шохсарой",1,1,1,1,1,1,1,1,1,1,1,0,1,1,66.819781,66.819781
399,90,120000,4,9,12,Евроремонт,Монолитный,"город Ташкент, Яшнободский район, махаллинский сход граждан Наврузобод, 6-й проезд Авиасозлар",1,1,1,0,0,1,1,1,1,1,0,0,1,0,69.346437,69.346437
400,70,121000,3,2,5,Авторский проект,Кирпичный,"город Ташкент, Яккасарайский район, махалля Абдулла Каххор, улица Бабура",0,0,1,1,0,0,1,1,1,1,0,0,0,0,69.254054,69.254054
401,140,105000,4,8,9,Черновая отделка,No material,"город Ташкент, Юнусабадский район, Минор",1,0,0,1,0,1,0,0,0,0,1,1,1,1,69.276116,69.276116
402,56,65000,2,1,4,Авторский проект,Кирпичный,"город Ташкент, Мирзо-Улугбекский район, махаллинский сход граждан Навнихол, улица Муминова",0,0,0,0,0,0,0,0,0,0,0,0,0,0,69.338936,69.338936
403,57,82000,2,7,9,Евроремонт,Панельный,"город Ташкент, Яккасарайский район, махаллинский сход граждан Бобур, улица Бабура",1,1,1,1,0,0,1,0,0,1,0,0,0,0,69.254054,69.254054
404,20,26000,1,4,4,Средний,Кирпичный,"город Ташкент, Яккасарайский район, махаллинский сход граждан Мухандислар, улица Шота Руставели",0,0,0,1,0,1,1,1,1,1,0,0,0,1,69.241935,69.241935
405,30,80000,2,7,8,Евроремонт,Кирпичный,"город Ташкент, Юнусабадский район, массив Ц-2, проезд Олой Бозори",1,0,0,1,0,0,1,1,1,0,0,0,0,0,69.286151,69.286151
406,60,81000,2,4,9,Евроремонт,Монолитный,"город Ташкент, Яккасарайский район, махаллинский сход граждан Абдулла Каххар, улица Бабура",1,0,0,0,0,0,0,0,0,0,0,0,0,0,69.254054,69.254054
407,47,56000,2,3,4,Средний,Кирпичный,"город Ташкент, Чиланзарский район, махаллинский сход граждан Гулистан",0,0,0,0,0,0,0,0,0,0,0,0,0,0,69.157997,69.157997
408,94,137000,3,4,6,Черновая отделка,Кирпичный,"город Ташкент, Яшнободский район, махаллинский сход граждан Ташисти, улица Ифтихор",1,0,0,0,0,0,0,0,0,0,0,0,0,0,69.409768,69.409768
409,53,72000,2,2,5,Евроремонт,Кирпичный,"город Ташкент, Яккасарайский район, махаллинский сход граждан Тукимачи, улица Шота Руставели",0,1,1,1,1,1,1,1,1,1,1,1,1,1,69.241935,69.241935
410,58,65000,2,3,4,Евроремонт,Панельный,"Ташкентская область, городской посёлок Салар, улица Зиёкорлар",0,1,1,1,0,1,1,1,1,1,1,0,0,1,69.357288,69.357288
411,97,95000,5,5,5,Евроремонт,Панельный,"город Ташкент, Шайхантахурский район, махаллинский сход граждан Обиназир, улица Тошкуча",0,0,0,0,0,0,0,0,0,0,0,0,0,0,69.209794,69.209794
412,19,25000,1,5,9,Евроремонт,Панельный,"город Ташкент, Яшнободский район, махаллинский сход граждан Авиасозлар, улица Авиасозлар",1,0,0,0,0,0,0,0,0,0,0,0,0,0,69.343265,69.343265
413,62,96000,2,3,4,Евроремонт,Кирпичный,"город Ташкент, Мирзо-Улугбекский район, махаллинский сход граждан Дархан, улица Аккурган",0,0,1,0,0,0,1,1,1,1,0,0,0,1,69.304701,69.304701
414,50,68000,2,3,5,Евроремонт,Другое,"город Ташкент, Чиланзарский район, 6-й квартал",0,0,0,0,0,0,0,0,0,0,0,0,0,0,69.211114,69.211114
415,70,103000,3,8,9,Авторский проект,Кирпичный,"город Ташкент, Мирзо-Улугбекский район, махаллинский сход граждан Дархан, проспект Мустакиллик",1,0,1,1,0,0,1,1,1,1,0,0,0,0,69.298404,69.298404
416,68,90000,3,2,4,Требует ремонта,Кирпичный,"город Ташкент, Чиланзарский район, массив Алгоритм-Г35",0,0,0,0,0,0,0,0,0,0,0,0,0,0,69.159147,69.159147
417,87,130000,4,4,5,Евроремонт,Панельный,"город Ташкент, Шайхантахурский район, массив Чорсу",0,1,1,1,1,1,1,1,1,1,1,0,1,1,69.230635,69.230635
418,50,64000,2,2,5,Евроремонт,Другое,"город Ташкент, Чиланзарский район, 17-й квартал",0,0,0,0,0,0,0,0,0,0,0,0,0,0,69.196723,69.196723
419,45,62500,2,2,4,Евроремонт,Кирпичный,"город Ташкент, Учтепинский район, квартал Г9А",0,0,0,0,0,0,0,0,0,0,0,0,0,0,69.1752,69.1752
420,30,48000,1,3,4,Евроремонт,Монолитный,"город Ташкент, Чиланзарский район, 7-й квартал",0,0,0,0,0,0,0,0,0,0,0,0,0,0,69.210315,69.210315
421,30,48000,1,2,4,Евроремонт,Кирпичный,"город Ташкент, Чиланзарский район, 4-й квартал",0,0,0,0,0,0,0,0,0,0,0,0,0,0,69.21769,69.21769
422,75,88000,3,4,9,Средний,Блочный,"город Ташкент, Яшнободский район, махаллинский сход граждан Бойкургон, 1-я улица Мавляна Риёзи",1,1,1,1,0,1,1,1,1,1,1,0,0,1,69.312723,69.312723
423,70,95000,3,4,5,Евроремонт,Кирпичный,"город Ташкент, Мирабадский район, махаллинский сход граждан Тонг Юлдузи, Фергана Йули",0,0,0,0,0,0,0,0,0,0,0,0,0,0,69.312462,69.312462
424,60,58000,2,8,9,Требует ремонта,Панельный,"город Ташкент, Яшнободский район, махаллинский сход граждан Машинасозлар, улица Боткина",1,1,0,0,0,1,0,0,0,1,1,0,0,0,69.313298,69.313298
425,55,75000,3,1,4,Средний,Кирпичный,"город Ташкент, Юнусабадский район, махаллинский сход граждан Янгитарнов, 2-й проезд Козитарнов",0,0,0,0,0,0,0,0,0,1,0,0,0,1,69.2949,69.2949
426,50,52200,2,4,4,Евроремонт,Панельный,"город Ташкент, Учтепинский район, 15-й квартал",0,0,0,0,0,0,0,0,0,0,0,0,0,0,69.182566,69.182566
427,86,115000,3,4,4,Средний,Кирпичный,"город Ташкент, Мирзо-Улугбекский район, махаллинский сход граждан Окибат",0,0,0,0,0,0,0,0,0,0,0,0,0,0,69.290669,69.290669
428,75,128000,3,3,9,Евроремонт,Панельный,"город Ташкент, Мирзо-Улугбекский район, махаллинский сход граждан Шахрисабз",1,0,0,0,0,0,0,0,0,0,0,0,0,0,69.286097,69.286097
429,131,168000,3,5,9,Евроремонт,Кирпичный,"город Ташкент, Яшнободский район, махаллинский сход граждан Дустобод, улица Олтинтепа",1,1,1,1,1,1,1,1,1,1,1,1,1,1,69.339313,69.339313
430,63.5,165000,2,12,12,Евроремонт,Кирпичный,"город Ташкент, Мирзо-Улугбекский район, махалля Сайрам, улица Сайрам",1,0,0,0,0,0,0,0,0,0,0,0,0,0,69.32441,69.32441
431,66,73000,3,4,5,Средний,Кирпичный,"город Ташкент, Яшнободский район, махаллинский сход граждан Калкон",0,1,0,0,0,1,0,0,0,1,1,0,0,0,69.371535,69.371535
432,52,60000,2,1,4,Средний,Кирпичный,"город Ташкент, Учтепинский район, махаллинский сход граждан Гузар, улица Лутфий",0,0,0,0,0,0,0,0,0,0,0,0,0,0,69.188216,69.188216
433,95,115000,4,6,9,Требует ремонта,Панельный,"город Ташкент, Мирзо-Улугбекский район, махаллинский сход граждан Асака, улица Мирзакалона Исмаили",1,0,0,0,0,0,0,0,0,0,0,0,0,0,69.304368,69.304368
434,68,63000,3,5,5,Средний,Кирпичный,"город Ташкент, Учтепинский район, махаллинский сход граждан Тинчликабад",0,0,1,1,0,0,1,1,1,0,1,0,0,0,69.181093,69.181093
435,70,66000,2,5,8,Средний,Кирпичный,"город Ташкент, Янгихаётский район, махаллинский сход граждан Мархамат",1,1,0,0,0,1,0,0,0,1,0,0,0,1,69.199733,69.199733
436,90,85000,4,3,3,Средний,Кирпичный,"город Ташкент, Алмазарский район, махаллинский сход граждан Ачабад, улица Сагбан",0,1,0,0,0,1,1,0,0,1,0,0,0,1,69.22979,69.22979
437,38,46500,1,2,5,Требует ремонта,Панельный,"город Ташкент, Юнусабадский район, 19-й квартал",0,0,0,0,0,0,0,0,0,0,0,0,0,0,69.315948,69.315948
438,108,200000,3,6,10,Евроремонт,Другое,"город Ташкент, Юнусабадский район, махаллинский сход граждан Кашгар, улица Абдуллы Кадыри",1,0,0,0,0,0,0,0,0,0,0,0,0,0,69.272649,69.272649
439,65,130000,3,3,4,Евроремонт,Кирпичный,"город Ташкент, Яккасарайский район, массив Ракат, улица Беларик",0,0,0,0,0,0,0,0,0,0,0,0,0,0,69.243031,69.243031
440,50,72000,2,5,5,Средний,Панельный,"город Ташкент, Мирзо-Улугбекский район, массив Буз-1, улица Мирзо Улугбека",0,0,0,0,0,0,0,0,0,0,0,0,0,0,69.335863,69.335863
441,52,52000,2,2,2,Средний,Кирпичный,"город Ташкент, Бектемирский район, махаллинский сход граждан Рахат",0,0,0,0,0,0,0,0,0,0,0,0,0,0,69.379027,69.379027
442,31,37000,1,1,4,Евроремонт,Монолитный,"город Ташкент, Мирзо-Улугбекский район, махаллинский сход граждан Тракторсозлар, 5-й проезд Буюк Ипак Йули",0,0,1,1,1,1,1,1,1,1,1,1,1,1,69.391092,69.391092
443,95,110000,4,3,9,Евроремонт,Панельный,"город Ташкент, Алмазарский район, махаллинский сход граждан Зиё, Малая кольцевая дорога",1,1,0,0,0,1,0,0,1,1,1,0,0,0,69.27767,69.27767
444,109,100000,4,1,4,Средний,Кирпичный,"Ташкентская область, городской посёлок Салар, Университетская улица",0,0,0,0,0,1,0,0,1,0,0,0,0,1,69.346419,69.346419
445,45,53500,2,5,5,Средний,Кирпичный,"город Ташкент, Чиланзарский район, махаллинский сход граждан Чарх Камалан-3, улица Мукими",0,1,0,0,0,1,0,0,0,1,1,0,0,1,69.231587,69.231587
446,84,105000,3,3,4,Средний,Кирпичный,"город Ташкент, Шайхантахурский район, массив Ц-12",0,0,0,0,0,0,0,0,0,0,0,0,0,0,69.267349,69.267349
447,58,48500,2,4,4,Средний,Кирпичный,"город Ташкент, Яшнободский район, махаллинский сход граждан Тузель, улица Тузел 1",0,0,0,0,0,0,0,0,0,0,0,0,0,0,69.364609,69.364609
448,57,58000,2,4,4,Черновая отделка,Кирпичный,"город Ташкент, Мирзо-Улугбекский район, махаллинский сход граждан Подшобог, тупик Туртарык",0,0,0,0,0,0,0,0,0,0,0,0,0,0,69.343885,69.343885
449,42,43000,1,5,5,Авторский проект,Панельный,"город Ташкент, Сергелийский район, махаллинский сход граждан Иттифок",0,0,0,0,0,1,0,1,1,1,1,0,1,1,69.228425,69.228425
450,109,120000,4,2,5,Средний,Панельный,"город Ташкент, Мирабадский район, махаллинский сход граждан Янги Замон, тупик Куддус",0,1,0,0,0,1,0,0,0,1,1,0,0,1,69.292735,69.292735
451,38,44000,1,3,5,Средний,Панельный,"город Ташкент, Янгихаётский район, махаллинский сход граждан Файзли, улица Кипчак",1,1,1,1,1,1,1,1,1,1,1,1,1,1,69.217654,69.217654
452,80,90000,3,1,9,Евроремонт,Монолитный,"город Ташкент, Учтепинский район, массив Изза, улица Пойгох",1,0,0,0,0,0,0,0,0,0,0,0,0,0,69.147594,69.147594
453,45,69000,2,3,5,Средний,Панельный,"город Ташкент, Юнусабадский район, 5-й квартал, улица Еттичинор",0,0,0,0,0,0,0,0,0,0,0,0,0,0,69.270852,69.270852
454,70,78000,3,3,4,Евроремонт,Кирпичный,"город Ташкент, Яшнободский район, 1-й квартал",0,0,1,1,1,1,1,1,1,1,1,0,1,0,69.354863,69.354863
455,95,90000,4,5,5,Средний,Панельный,"город Ташкент, Юнусабадский район, махаллинский сход граждан Узбекистан Мустакиллиги",0,1,1,1,1,0,1,1,0,0,0,0,0,0,69.303937,69.303937
456,65.84,53000,3,7,10,Евроремонт,Монолитный,"город Ташкент, Бектемирский район, махаллинский сход граждан Абай, улица Г60",1,0,0,0,0,1,0,0,0,0,0,0,0,0,69.364879,69.364879
457,112,100000,4,2,5,Средний,Панельный,"город Ташкент, Сергелийский район, махаллинский сход граждан Халкобод",0,1,1,1,1,1,1,1,1,1,1,0,0,1,69.299464,69.299464
458,60.3,60000,2,1,3,Авторский проект,Другое,"город Ташкент, Мирзо-Улугбекский район, махаллинский сход граждан Жасорат, улица Хислат",0,0,0,0,0,1,0,0,0,1,1,0,0,1,69.389026,69.389026
459,800,78000,5,1,1,Средний,Кирпичный,"Ташкентская область, населённый пункт Май, село Болгаровка, 4Р8",0,0,0,0,0,0,0,0,0,0,0,0,0,0,69.47768,69.47768
460,100,85000,4,7,9,Средний,Панельный,"город Ташкент, Мирзо-Улугбекский район, махаллинский сход граждан Чимён, улица Карасу 1",1,1,0,0,0,1,0,0,0,1,0,0,0,1,69.376099,69.376099
461,52,66555,2,3,4,Евроремонт,Панельный,"город Ташкент, Чиланзарский район, махаллинский сход граждан Ботирма, улица Машраба",0,0,1,1,0,1,1,1,1,1,1,0,0,1,69.194576,69.194576
462,46,42500,1,6,9,Требует ремонта,Панельный,"город Ташкент, Юнусабадский район, махаллинский сход граждан Ифтихор, проспект Амира Темура",1,0,0,0,0,0,0,0,0,0,0,0,0,0,69.287049,69.287049
463,200,395000,4,2,5,Евроремонт,Кирпичный,"город Ташкент, Яшнободский район, махаллинский сход граждан Чулпон, улица Эльбека",0,0,0,0,0,0,0,0,0,0,0,0,0,0,69.312678,69.312678
464,62,95000,2,1,4,Евроремонт,Панельный,"город Ташкент, Мирабадский район, массив Айбек, улица Айбека",0,0,0,0,0,0,0,0,0,0,0,0,0,0,69.278138,69.278138
465,78,95000,3,3,5,Евроремонт,Панельный,"город Ташкент, Мирзо-Улугбекский район, 2-й квартал",0,0,0,0,0,0,0,0,0,0,0,0,0,0,69.383016,69.383016
466,73.3,67000,3,4,4,Требует ремонта,Панельный,"город Ташкент, Мирзо-Улугбекский район, махаллинский сход граждан Камолот",0,0,0,0,0,0,0,0,0,0,0,0,0,0,69.362696,69.362696
467,91,110000,4,1,5,Авторский проект,Панельный,"город Ташкент, Сергелийский район, квартал Сергели-4",0,1,0,0,0,1,0,0,1,1,1,0,0,1,69.220205,69.220205
468,79,77000,3,8,9,Евроремонт,Панельный,"город Ташкент, Яшнободский район, махаллинский сход граждан Амир Темур, 2-й проезд Бирлашган",1,0,0,0,0,0,0,0,0,0,0,0,0,0,69.353542,69.353542
469,75,120000,3,8,9,Средний,Панельный,"город Ташкент, Яккасарайский район, махаллинский сход граждан Юнус Раджаби, улица Афросиаб",1,1,0,0,0,0,1,0,0,0,0,0,0,0,69.263324,69.263324
470,30,72000,1,4,4,Евроремонт,Кирпичный,"город Ташкент, Яккасарайский район, махалля Богсарой, улица Сарабустон",0,0,0,1,0,0,1,1,0,0,0,0,0,0,69.261474,69.261474
471,57,75000,2,8,9,Требует ремонта,Панельный,"город Ташкент, Юнусабадский район, массив Минор, улица Осиё",1,0,0,0,0,0,0,0,0,0,0,0,0,0,69.28483,69.28483
472,37,56000,1,1,4,Средний,Панельный,"город Ташкент, Яшнободский район, массив Ташсельмаш",0,0,0,1,0,0,1,1,0,1,0,0,0,0,69.30789,69.30789
473,200,350000,4,3,4,Евроремонт,Кирпичный,"город Ташкент, Мирзо-Улугбекский район, махаллинский сход граждан Хамид Олимжон, улица Достоевского",0,0,0,0,0,0,0,0,0,0,0,0,0,0,69.299347,69.299347
474,55,60000,2,3,4,Средний,Кирпичный,"город Ташкент, Юнусабадский район, махаллинский сход граждан Отчопар-1, проспект Амира Темура",0,0,0,0,0,0,0,0,0,0,0,0,0,0,69.287049,69.287049
475,42,18500,1,1,4,Средний,Панельный,"Наманганская область, Наманган, Давлатабадский район",0,0,0,1,1,0,1,1,1,0,0,0,0,0,71.599268,71.599268
476,68,75000,3,2,5,Средний,Другое,"город Ташкент, Шайхантахурский район, массив Ибн Сина-1",0,0,1,0,0,0,0,0,1,1,0,0,0,0,69.168094,69.168094
477,126,105000,4,9,9,No renovation,No material,"город Ташкент, Яшнободский район, Махтумкули",1,0,0,0,0,1,0,0,0,0,0,0,0,0,69.31018,69.31018
478,92,87999,3,2,3,Средний,Кирпичный,"Ташкентская область, улица Минг терак",0,0,0,0,0,0,0,0,0,0,0,0,0,0,69.16301,69.16301
479,55,60500,2,3,4,Средний,Кирпичный,"город Ташкент, Юнусабадский район, махаллинский сход граждан Атчапар-1, Шахристанская улица",0,0,0,0,0,0,0,0,0,0,0,0,0,0,69.290391,69.290391
480,65,62000,3,4,5,Требует ремонта,Кирпичный,"город Ташкент, Учтепинский район, махаллинский сход граждан Чаманзар, улица Учтепа",0,0,0,0,0,0,0,0,0,0,0,0,0,0,69.165372,69.165372
481,38,41500,1,1,5,Средний,Кирпичный,"город Ташкент, Янгихаётский район, 15-й квартал",0,0,0,0,0,0,0,0,0,0,0,0,0,0,69.215516,69.215516
482,52,35000,2,3,3,Евроремонт,Кирпичный,"Ташкентская область, Ангрен, 6-й квартал, улица Марифат",1,1,1,1,1,1,1,1,1,1,1,1,1,1,70.070146,70.070146
483,55,190000,2,6,7,Евроремонт,Кирпичный,"город Ташкент, Шайхантахурский район, жилой комплекс Boulevard, улица Фурката",1,0,0,0,0,0,0,0,0,0,0,0,0,0,69.242978,69.242978
484,90,99000,3,3,9,Средний,Монолитный,"город Ташкент, Шайхантахурский район, махаллинский сход граждан Жангох, улица Себзар",1,0,0,0,0,0,0,0,0,0,0,0,0,0,69.249706,69.249706
485,90,90000,3,9,9,Евроремонт,Блочный,"город Ташкент, Мирзо-Улугбекский район, махаллинский сход граждан Янги Авайхон, улица Авайхон",1,1,1,1,0,1,1,0,1,1,1,0,0,1,69.357028,69.357028
486,73,62000,3,4,16,Авторский проект,Монолитный,"город Ташкент, Янгихаётский район, махаллинский сход граждан Файзли",1,0,0,0,0,0,0,0,0,0,0,0,0,0,69.239869,69.239869
487,62,67500,2,3,4,Евроремонт,Панельный,"город Ташкент, Юнусабадский район, 12-й квартал",0,0,0,0,0,0,0,0,0,0,0,0,0,0,69.294056,69.294056
488,75,130000,3,8,8,Евроремонт,Другое,"город Ташкент, Яккасарайский район, махаллинский сход граждан Абдулла Каххар, улица Глинки",1,0,0,0,0,0,0,0,0,0,0,0,0,0,69.261555,69.261555
489,76,75000,2,3,9,Средний,Монолитный,"город Ташкент, Алмазарский район, махаллинский сход граждан Орзу, улица Беруни",1,1,0,1,0,1,1,1,0,1,1,0,1,1,69.219433,69.219433
490,75,135000,3,4,4,Авторский проект,Кирпичный,"город Ташкент, Мирзо-Улугбекский район, махаллинский сход граждан Аккурган, 1-й проезд Аккурган",0,0,1,1,1,1,1,1,1,1,0,0,0,0,69.300578,69.300578
491,24.45,40000,1,1,2,Средний,Кирпичный,"город Ташкент, Мирзо-Улугбекский район, махаллинский сход граждан Авайхан, улица Гёте",0,0,0,0,0,0,1,0,0,0,0,0,0,0,69.348449,69.348449
492,130,150000,4,6,7,Евроремонт,Кирпичный,"город Ташкент, Яшнободский район, махаллинский сход граждан Чулпан, улица Махтумкули",1,0,0,0,0,0,0,0,0,0,0,0,0,0,69.31018,69.31018
493,45,69000,2,4,5,Средний,Кирпичный,"город Ташкент, Юнусабадский район, махаллинский сход граждан Кушчинор, улица Еттичинор",0,0,0,0,0,0,0,0,0,0,0,0,0,0,69.270852,69.270852
494,28,39500,1,2,5,Требует ремонта,Кирпичный,"город Ташкент, Мирзо-Улугбекский район, махаллинский сход граждан Навнихол, улица Шахриабад",0,0,0,0,0,0,0,0,0,0,0,0,0,0,69.337561,69.337561
495,99,95000,5,5,9,Средний,Блочный,"город Ташкент, Шайхантахурский район, массив Бельтепа",1,1,1,1,1,1,1,1,1,1,1,0,0,1,69.171229,69.171229
496,146,139000,4,1,4,Средний,Кирпичный,"город Ташкент, Яшнободский район, 1-й квартал, улица Темирчи",0,1,0,0,0,1,1,0,0,1,1,0,0,0,69.359004,69.359004
497,120,169900,4,1,5,Авторский проект,Кирпичный,"город Ташкент, Шайхантахурский район, махаллинский сход граждан Шайхонтохур, проезд Лабзак",0,0,0,0,0,0,0,0,0,0,0,0,0,0,69.260647,69.260647
498,84,99000,4,4,4,Средний,Кирпичный,"город Ташкент, Шайхантахурский район, махаллинский сход граждан Кохата, улица Зульфияханум",0,0,0,0,0,0,0,0,0,0,0,0,0,0,69.262812,69.262812
499,85,145000,3,1,3,Авторский проект,Кирпичный,"город Ташкент, Мирабадский район, махаллинский сход граждан Афрасиаб, улица Якуба Коласа",0,0,0,0,0,0,0,0,0,0,0,0,0,0,69.273071,69.273071
500,112,158000,4,4,10,Авторский проект,Кирпичный,"город Ташкент, Бектемирский район, массив Тараккиёт, улица Яшнабод",1,1,1,1,1,1,1,1,1,1,1,1,1,1,69.373269,69.373269
501,56,75000,3,6,7,Средний,Кирпичный,"город Ташкент, Сергелийский район, населённый пункт Файзли, 2-й тупик Янги Хаёт",1,1,0,0,0,1,1,1,1,0,0,0,0,1,69.256488,69.256488
502,65,84999,2,9,10,Евроремонт,Кирпичный,"город Ташкент, Чиланзарский район, квартал Е",1,1,1,1,0,1,1,1,1,1,1,0,0,1,69.222927,69.222927
503,70,120000,3,1,4,Авторский проект,Кирпичный,"город Ташкент, Шайхантахурский район, массив Джангох",0,0,0,0,0,1,0,0,1,1,1,0,1,1,69.252581,69.252581
504,100,110000,5,5,9,Евроремонт,Панельный,"город Ташкент, Яшнободский район, массив Куйлюк-Центр, улица Тантана",1,1,0,0,1,1,1,0,1,1,1,1,0,1,69.330976,69.330976
505,92,72500,4,5,5,Евроремонт,Монолитный,"город Ташкент, Сергелийский район, махаллинский сход граждан Шукрона",0,1,1,0,1,1,1,1,1,1,0,0,0,0,69.28501,69.28501
506,55,50000,3,8,8,Евроремонт,Кирпичный,"город Ташкент, Яшнободский район, Izzat turar-joy majmuasi, улица Иззат",1,0,0,0,0,0,0,0,0,0,0,0,0,0,69.341954,69.341954
507,71,148000,3,6,8,Евроремонт,Другое,"город Ташкент, Мирзо-Улугбекский район, махаллинский сход граждан Алмачи, 2-й Паркентский проезд",1,0,0,0,0,0,0,0,0,0,0,0,0,0,69.315373,69.315373
508,83,92000,4,1,5,Средний,Панельный,"город Ташкент, Алмазарский район, массив Ходжаева",0,0,0,0,0,0,0,0,0,0,0,0,0,0,69.182772,69.182772
509,67,75000,3,4,5,Средний,Кирпичный,"город Ташкент, Чиланзарский район, квартал Г9",0,0,0,0,0,0,0,0,0,0,0,0,0,0,69.198637,69.198637
510,96,109000,4,2,9,Средний,Монолитный,"город Ташкент, Учтепинский район, массив Изза",1,0,0,0,0,0,0,0,0,0,0,0,0,0,69.148259,69.148259
511,66,115000,3,4,5,Евроремонт,Кирпичный,"город Ташкент, Яккасарайский район, махаллинский сход граждан Конституция, улица Шота Руставели",0,0,0,0,0,0,0,0,0,0,0,0,0,0,69.241935,69.241935
512,52,83500,2,2,5,Требует ремонта,Кирпичный,"город Ташкент, Яккасарайский район, махаллинский сход граждан Богсарай, улица Сарабустан",0,0,0,0,0,0,0,0,0,0,0,0,0,0,69.263926,69.263926
513,77,150000,3,3,4,Евроремонт,Кирпичный,"город Ташкент, Мирабадский район, махаллинский сход граждан Мовароуннахр, улица Садыка Азимова",0,0,0,0,0,0,0,0,0,0,0,0,0,0,69.28898,69.28898
514,60,110000,2,2,9,Евроремонт,Панельный,"город Ташкент, Яккасарайский район, махаллинский сход граждан Богсарай, улица Тафаккур",1,0,0,0,0,0,0,0,0,0,0,0,0,0,69.261501,69.261501
515,50,90000,2,2,4,Средний,Кирпичный,"город Ташкент, Яккасарайский район, махаллинский сход граждан Юнус Раджаби, проспект Шарафа Рашидова",0,0,0,0,0,0,0,0,0,0,0,0,0,0,69.272182,69.272182
516,45,53000,1,3,4,Средний,Кирпичный,"город Ташкент, Мирзо-Улугбекский район, махаллинский сход граждан Асака, 2-й тупик Дархан",0,0,0,0,0,0,0,0,0,0,0,0,0,0,69.301611,69.301611
517,49,35000,2,8,9,Средний,Другое,"город Ташкент, Мирабадский район, махаллинский сход граждан Фуркат, улица Янгизамон",1,0,0,0,0,1,0,0,0,0,0,0,0,0,69.295529,69.295529
